PC1,PC2,Cluster
15.369798129378983,-2.3853341629124443,1
5.164374387822571,-0.37134084378630855,0
13.897640603371384,-5.2270740559116815,0
8.962987021373783,-5.664595502135637,1
15.195270550722359,-3.387325612838298,0
14.64012200139158,-3.6967864551783793,1
15.151606222511338,-3.146146078237671,0
15.147778782621291,-3.696545687659396,0
12.630451449935839,-6.433154025396726,1
14.50716478167232,-0.9618899697736277,0
12.498996691825342,-1.3096581203891902,1
-0.9166661848581533,6.275779439680311,1
11.011057100024946,-3.6585072607406204,0
9.415829314381602,-4.7429141278147595,0
11.423583517387785,-3.6547759076583626,0
15.618106913902519,-4.381332926569368,0
13.574622937736748,-2.856259316081238,0
14.017892432020796,-4.2172268016257455,1
9.82599908532661,0.8630764778717246,1
12.50536514302084,-6.879812620246474,0
15.959434357488233,-3.016664026466383,0
15.224131995497068,-2.1292837708770915,1
6.045188247073628,-8.78306008429264,0
5.958779446306638,6.3689791200565935,1
13.522185596629408,-0.7908894539995215,1
15.3380109746902,-2.679665702818304,0
14.307975325396852,-2.73791859813877,1
12.060790471289328,-1.5068780630611507,1
13.068238412210771,-3.5463755133542834,1
13.623518793735366,-4.054247157460352,1
10.141876482848373,0.5197770545080825,1
14.231969146815006,-5.626448295211471,1
1.429041763097145,1.8343209316874798,0
3.1733028294621404,0.6094725301335616,1
13.996239295940144,0.41322242954271127,0
2.0760812726265336,1.2879509399837832,1
5.318164946256138,-10.077505726777527,0
-0.18577165741777144,-1.8950270626378078,1
1.202397294315569,-8.426061319982809,0
12.881796997592048,0.6219116357091078,1
7.629331789947763,2.088164845246876,1
10.025437569813722,0.7838399571278228,0
6.416456725123037,0.7254725436293217,0
2.7679829304383605,-6.861236853244628,0
7.369669722987756,-2.733916493381675,1
-3.284994987677015,1.6618701377169276,1
16.07815859388825,-2.3577883702654585,0
-7.0842394502701325,-2.6037043037573198,1
-0.07964906099387224,-3.2625194277919656,0
6.423179136162599,-0.5489419987274226,0
-2.4015974082485623,5.438337545060559,1
3.0346601712235297,6.1075245747230325,1
13.267117902415203,-5.426391235340814,0
10.758359351665941,-0.2605356234226395,0
3.9321580576813813,0.422699226536303,1
14.527291169079701,-0.977162026211191,0
4.582870046063813,-5.809731892338577,0
2.3864277597434613,1.384013846048758,1
-3.137275825868412,-0.14670186349960385,0
-5.812216538911612,-1.885480578113056,0
-10.45121953943501,-4.269901640894353,1
13.726144207656139,-4.394899471671411,1
13.19995800689303,-1.841826184750108,0
1.9983706485839436,-0.15675365430193547,1
5.8716263333264465,-4.682861491622961,0
-3.0593088080429096,5.683588099962928,1
4.992825089230742,-2.1479869274659964,0
-3.1136228812065276,2.2786508892543766,1
3.43601830002704,-6.048062518210578,1
-2.000664763019335,4.253456585757633,1
12.426816337463475,-1.740900290389441,0
4.5721572338356635,6.018161026057403,1
13.358488494939197,-1.9670186052090082,0
3.6434835454967165,-0.8489150565867275,1
2.3804042517252184,1.373474078842709,1
0.25256759917483873,5.067166494378178,1
11.358694283545756,-2.2133127260269747,0
6.073439245541771,-1.2770522945301874,1
0.6947037003979326,5.519174725630118,1
1.6130493319929984,1.4797935959585713,1
1.6214622016710805,-2.9442451684527646,1
-1.7852042006191826,4.893911379647023,1
3.267097749867981,-0.40852802745079025,1
3.9871759604901555,1.4839636242476066,1
2.9655752683283603,0.107458681578249,1
2.6952845765849056,3.361920320661589,1
-2.3743242851134707,0.5058623262923462,1
-0.7196198921012227,-2.6183610657245673,0
1.9165089564312685,2.740007482432873,1
-1.7520298906125935,3.1733637165012722,1
-4.64259987667667,0.9477984649953602,1
-3.9313658969567635,1.7967570213589885,1
1.9994866590699276,2.8303819809594257,1
-3.461841517682834,0.8695210311422349,1
-0.375747546213359,0.05203603228444048,0
-0.5075428776493955,4.9225951364517,1
1.1929494159794332,5.417179721382021,1
0.17521052598076267,0.7626619682909623,1
-0.15560783455983887,5.998156026023183,0
-1.1162925892748075,4.83332759203496,1
-1.9714733423713928,5.42888702324977,1
14.376703307453711,-4.3766032396996195,1
-6.342158112860707,-1.8383759044938235,1
-4.9939316283023505,0.36918423387523003,1
3.7685499219879155,-1.5204988453435906,0
-8.24495726504168,-5.614362887427299,1
-1.6709511325723148,4.693736827679582,1
2.824662153062055,-2.7679504094143264,1
-1.038975530661019,0.9955395441548506,1
3.061079461792397,-2.948399848968491,1
-0.730636173487952,2.851089404107376,1
-2.2550456389598748,2.347660221582763,1
-2.2250181287784736,6.458303339453041,1
1.1985507966167206,5.756930721953435,1
-9.302222822793029,-6.533335745590557,1
-2.5170060391872546,4.800745281512772,1
-2.1930474132732387,3.4359212691953385,1
-3.2265939828176484,2.0584913449953834,1
-7.644141572130641,-3.0892156705437204,0
-2.867305809560814,3.260342040059064,1
-3.85081906726578,2.073409439322477,1
-5.302325919268327,-4.1304384212187575,0
2.992222339128673,-1.1087136521570193,0
-1.7392587798969468,1.2064616333401303,0
-1.225245806272726,7.550194931838294,1
-8.223137446012213,-3.2502203182063325,1
-8.147031241301256,-5.115193693267867,0
-1.480746866602975,-0.39272609528177604,1
6.320025831381731,-3.2784835902522427,1
6.3196199946045954,-3.2814034390985682,1
-7.589948429001483,-2.4973015543026102,1
6.32058151488473,-3.2744856484032847,1
-1.6874218780685732,3.810168632435076,0
-5.426816467693526,3.0401177672413415,1
-5.994759407791753,-1.0773577375153307,1
-3.794935401706091,2.549058137980206,1
-2.9911302249273266,7.62122527282621,1
-3.722703965580273,3.3921787066275124,1
-2.7898407301929526,3.5160519949864026,1
-2.5795303844239443,3.1014250244520505,1
-7.736091636917676,-4.080983748042854,0
6.319054807471345,-3.2854697561303206,1
6.318630045897132,-3.288525762047728,1
-7.543368112793585,-4.553708520498917,1
-6.078091080228202,-0.40046006360921693,1
-1.0696798136518684,2.9386297675532407,1
-4.61490631360006,0.9561649117926195,1
-4.003187370891611,-0.8048400731842058,1
5.850849046686668,3.6218631554940464,1
-3.9551932957638036,4.206430871908506,1
-7.1005250714515284,-4.885894951734849,1
-5.1056779686784655,-1.7337954031467822,1
-2.9520198542768763,4.739051791738392,1
-3.0443841318486053,2.441887484162159,1
-3.0833615448558316,2.359677458518602,1
-3.0132608188039525,7.46268210690587,1
-4.52674102494159,4.2870416788943855,1
-0.9901888140269551,5.225264015525424,0
-4.585870293355985,0.4181579921116711,0
-6.353311873327295,-1.679042590983417,1
-2.931529053995945,5.515881549214203,1
-3.0335198739080096,1.1761788448805497,1
-4.73733101617721,1.6264798123829687,1
-3.681180403177246,2.880711671128922,1
-4.022936720024451,3.544718791707529,1
10.515448552906973,-8.077187867600164,0
12.616834780688563,-5.7265139242983185,1
0.9237037313335463,-9.571804689517892,1
0.678409395501321,-0.07228835036432502,0
7.359875923208699,-9.55893926136969,0
12.991449487942162,-4.5945980774750925,1
10.582884484820067,-5.3389469318934255,1
0.5105257971998646,-10.722243050919966,1
0.453378808524955,-9.070372978798913,0
4.144752064571793,-3.0061466379940547,1
0.7887215021348943,-8.91893186337483,1
-0.9124556364755118,-1.2432557871995884,1
-3.5281484668311576,-7.79482511732819,1
11.942025290988983,-6.085032443587299,1
7.5291089099627175,-3.2193548584483445,1
5.01521931632688,-5.157700525453453,1
2.6565621312297942,-2.2292983347683677,1
3.4128284751181988,-1.9217507583433608,1
13.323749787681656,-5.287681502278044,1
5.838589244145236,-4.637450028095916,0
5.29983819040258,-3.6004912232509714,0
11.657829784651058,-3.4230677887258842,0
10.217740717845029,-6.661309503518096,1
1.0860351035738958,-0.17171059979220107,1
1.6241911849257786,4.037563852083532,1
-5.55678253353208,-3.976684059195266,1
1.245999026549294,2.0319975049188796,1
-1.5332241441907937,-2.32077618755827,1
9.060196432776003,-5.292408017051208,0
2.784875799487138,-5.358486409409496,0
-6.468766609337454,-8.949212682308707,1
13.700815775035004,-4.297125525845512,0
12.144245378567481,-6.74276190718384,0
2.4305868143957747,-6.42960995860936,1
-0.1903339812815998,-5.373291668950793,1
12.335422977234467,-1.3974518738386201,0
6.891739402800681,-9.56144524142854,0
1.6034091265130441,3.1275146809019194,0
13.680737828356495,-2.1017407954147527,0
16.301724699911748,-1.829419350017468,0
7.250982973851875,-2.003025154047653,1
4.616015052315539,-2.6597887773332642,1
-2.721904687475131,-6.256496087264937,1
10.925235452750092,-6.159015788960459,1
10.984262061521314,0.35684158127562204,0
14.07929181379258,-2.4674919698269715,1
14.95444103651021,-4.354174333347425,0
7.25855096122467,-0.9697654157982535,1
-0.15014472009788363,0.04253592774420303,0
14.20298346927979,-3.844486548953416,1
8.756011918148708,-8.894876020964869,1
4.419799553009843,-4.9278248836388485,1
8.051909373365888,-5.948088194680057,0
5.504631235828494,-2.694459113813753,1
-5.790313530717841,1.1404475508688763,1
10.103943786617032,-6.458151424450151,0
8.981058519119959,3.8300941571199787,0
13.878073720228654,-0.5885268307595262,1
-5.212471617934872,-5.909850201293005,1
7.452859714833234,-2.6304495386929005,1
-5.278855339887672,-4.125473952277697,1
1.0377266835799086,-0.5799399762359417,1
-6.4006122805289705,-0.931890704501096,1
-2.3040921907748415,2.372770812661597,1
0.9690548906267415,0.7606342145514373,1
-7.93033504050258,-2.27164600236003,1
6.538875723188256,-0.48465630675784577,0
2.261085243492384,0.7168426958000812,1
8.703398876929484,-2.753110905400686,0
11.40963932239067,-3.8348373950336834,0
-0.39247325936503197,1.8149452580825507,0
4.632623475155526,-6.033599583204584,0
0.7304034648334103,-1.5502415711307211,0
-9.234017840232914,-5.78488697298375,1
0.6635105337400071,-9.171806897780492,0
-1.3391874361985419,-2.257122997499583,1
3.204153675165973,0.4567894874605934,1
7.494530080176283,-2.644806096209156,0
8.428830042742538,-4.89335729637899,1
2.3625076477723046,4.474859268091493,1
8.843375341753449,-4.531918455785479,1
-4.639426640832107,2.635189023686388,1
15.332849839261037,-2.590317896947968,0
2.101182865549713,0.49884036821180483,1
16.272352282540258,-2.832702497267471,0
-0.48383894423670276,-0.6110900864365597,1
1.1648387581514805,3.142315881700733,1
1.195506562986973,-2.8911587006768693,1
-0.42019810528813495,-5.094944503382183,1
-6.62098830674422,-3.673829583453271,1
6.732037188240187,-2.7919798646971787,1
6.820098483650931,-7.638766534546995,0
-3.364734512300175,3.8089921413253798,1
-5.023131948077113,-6.132739541391095,1
-9.980399478284923,-4.990203536127401,1
14.218935764778795,0.01679352047504172,0
-4.9043751012422065,-2.251990580615022,1
11.476475860638619,-1.3855770219944101,1
0.4627990179052671,-4.9654026179143695,1
11.749504769898234,-6.468750831870586,0
-6.778314347055744,0.8465133970432606,1
10.774744762965176,-5.000406620922589,1
-2.885641299673799,0.40864101927753826,1
-0.5410535348008615,-0.23982303140064945,0
4.571218431695804,2.286255056715558,0
9.495128124930416,-1.6197681092659046,0
5.96419000105724,3.9303907260115807,0
10.423233722810382,2.0210515500529787,1
-4.400500649209497,-2.1451543469411045,1
6.167068041350342,-0.43951752129975535,0
2.3516860083393287,-5.49571720276607,0
11.122726898356554,2.0591018549413915,1
-0.7928047881553245,1.3449688916884626,0
4.37431863395124,5.293608336254172,0
15.201489408473718,-3.804956487755881,0
-2.8086963118833843,-6.060421822975921,0
-5.491242482677621,-3.905529557201946,1
3.8777691040129048,-11.66951037921952,0
-0.9750757084247724,6.912876096183719,1
-1.8651473661386044,-3.0782740430144155,0
-1.9508343007857958,-3.364429388541054,1
-6.01392445306813,-1.5817355599740428,0
-1.49052582677023,-3.7358236576949473,0
-2.584904602674803,4.370046308921977,1
-5.400620657790267,-5.354099054230263,0
0.04437678702706711,-6.74152708498921,1
-1.2230979905380706,4.211805430323654,1
-3.421523737585837,3.0718309310101244,1
-1.3998593988321155,2.0962297771884573,1
-0.9331848652614526,4.572292197380212,1
2.469340735225053,3.2519844034354146,0
1.3295785419304196,-0.41910494655621267,1
0.8784513742677242,0.7949393557498684,0
-5.323529061423086,1.0754530637116513,1
-0.5257572504673361,-3.0575455755542773,1
11.342128506711632,-8.153273809906757,1
8.261642248463053,1.2342917033389018,0
3.999240482615935,-4.028235965248509,1
-6.313475795178236,-6.358075187098022,0
-0.42199734596257804,-2.4813206778425148,1
-5.858263547706288,1.2615718631347455,1
-0.5873892196285494,3.1904309468715097,1
-3.9855490099531057,0.7806254231248761,1
-8.265555346059514,-0.9249452365507949,1
-7.222623221388405,-0.9014040574764188,1
-7.535360007323782,-0.23276359181748135,1
-1.7724125680815648,0.5103298757078542,1
-7.06430249127151,-0.975536635344671,1
5.1996991139266315,-2.977618112066213,0
2.983108034548136,1.2777606251404063,1
1.0064283917816563,0.4988121917323301,1
1.4813508286043333,6.167125610621505,1
-3.805048768647106,1.0520054554261085,1
5.831837276985526,-1.1802753329461606,0
-1.6198370212108721,6.287546435082227,1
-7.871002273224352,-3.9562856689941412,1
-3.3171493117831696,2.2981846594591264,1
-5.963971905521185,-3.4967912556359506,1
-0.7780358400875388,-7.488781422963295,0
-1.3702004185243606,3.040085429277293,1
-1.5998129693125267,6.253436543841821,1
-6.597942211684904,-0.34228509481047487,1
-0.4806538986902235,6.16905057390387,1
-1.6460323845020075,1.65397684986075,0
0.8404079565500104,4.169517412663178,1
-4.202805074609513,1.7433962195921384,1
-3.520333063570924,2.9806450530074713,1
-3.058763687510095,5.2891877993988325,1
-2.9726531957215308,1.737928776989258,1
10.569640583112701,-5.991959465238438,0
6.780006075720003,4.247282293038912,0
1.1047805253774676,4.369086520925187,0
-1.9171761231672477,3.455386048190378,0
-8.50740293030744,-2.608254208160421,1
-9.195251785175033,-5.944435426166035,0
-8.514817871784823,-4.43807256014106,1
-2.901796210930177,5.387150504139988,1
2.538532432757449,-3.5984950646893075,0
0.7165893773898182,-3.368400831207544,0
-2.2959995325574045,4.132850397675527,1
1.1273436618988146,-3.706123905191602,0
-8.497300251752261,-3.8795810907206034,1
1.411160605275137,-6.3802425932496165,0
4.840061500993908,2.2624847572457285,0
-4.30103227154827,-3.352116560948778,1
-6.148994465330051,2.1187311302251124,1
-5.25271743728628,-0.9301224908043437,1
0.7409579879344486,-1.1062007653900703,1
0.6780318580711314,6.497959432501898,1
1.2201474693131202,3.5910698115447013,0
-4.17193196548529,-2.07952616379921,0
-3.327499155449787,-0.8083075694778642,1
-8.001171085102387,-5.33555572643337,1
1.5768317397947451,4.410829090660563,1
-6.052945887805512,-1.0105398301654729,1
-2.443923069295519,4.790151332889701,1
1.2007367851160158,4.721310319924484,1
-9.785406427447299,-4.795581513193612,1
-3.992748021661501,4.578927291742781,1
-4.878872789250809,4.208973849677653,1
-10.338277522990184,-7.446507841184579,1
-8.903922082270354,-4.451998049589641,1
-8.75521191037133,-3.6557453208350212,1
0.2086907498180739,1.0637481798318125,1
-4.04537085071251,4.448033758761693,1
-4.585940236728387,0.5584077042755926,0
-8.07029175549239,-3.7863176083450485,0
-8.399396773248228,-2.6380961819810955,1
-7.668689816878156,-1.1756663238923444,1
-5.408356907799387,2.815831807197762,1
-2.497458377826308,-1.6243566242951122,1
-0.2978540802660748,4.663844888531624,0
-2.2513497964499236,2.343485451528475,1
-8.164197186005422,-3.8991853576210627,1
-0.2138057107000568,4.658606234942042,0
-8.59301352357173,-2.7240592772775702,1
-1.3002096753521164,-0.6859600980741813,1
-8.490516027162359,-3.100373543521222,1
-5.432308208242593,1.521288729108698,1
-4.484198209211507,3.6250578108661164,1
-8.5924011084387,-7.404264116388292,1
-7.086868476719479,-0.8460549138572913,1
-1.6206549875096026,-0.3756115433915107,0
-9.594770353538433,-5.2618615420447306,1
-5.535795984215239,3.4516883406045564,1
-4.774624274062216,4.442141824845746,1
2.0801605224954423,0.7463400385873343,1
-1.0885488552253406,3.5487906389417025,1
-5.578007298526302,0.8108360590477259,1
-3.0100757713552366,1.8738978581971768,1
-6.510251975653959,-0.4490783174231567,1
0.9845177982081366,8.081698244882046,0
-9.623506681014367,-4.977560130522909,1
0.8328100172318206,-1.0107791679924238,1
-5.229705105400029,2.0050018062672774,1
-8.03182271047359,-0.4413942213266336,1
-6.193041584869738,0.8870439124324815,1
-7.806012114376473,-3.3245764684961907,1
-3.318571288057252,0.8546477709767756,1
-1.5431332942628124,6.009511641391123,1
-6.612398676363826,0.6217344543225128,1
-11.105535734512477,-4.9782442069803015,1
13.692966596267397,-2.953017975944661,1
12.198276369367964,-3.311008759051925,1
-8.107042956791455,-1.2656855920155354,1
16.7136804807646,3.541766622493498,0
13.892116574349444,-5.248633481031878,0
14.126266847713712,-0.886171800174062,1
15.477116224914733,-0.19781066769552802,1
5.668931377148673,-7.53862624762052,1
12.907257013565896,-4.198947764549065,1
14.000349602079611,-3.4319581407595816,1
-7.04733502294643,0.18957621021308846,1
14.43744949266107,-0.6510470644162881,1
15.829886848410968,-2.4133427673823586,1
15.478399538101156,-2.5866139743021135,1
9.722875793937645,1.6729109404865443,1
10.431226644682587,0.7854877250677543,1
-1.3694829031152282,-0.7637321520157442,0
13.635937057695434,2.4797733953372987,0
13.93324327907387,4.754836050718976,1
12.437387597164184,-5.151432823217416,0
15.459313141787412,-1.6281541301595759,1
13.502857716333637,-4.598760777738624,0
8.717221670280177,0.08941565031572835,1
-6.041466635152585,4.8708108609643785,1
-9.58847172775499,-3.7458613589890577,1
-8.157631929337235,-3.845548071397143,0
8.422339839100543,7.937368577399623,1
-12.64384516015779,-7.87760464022526,1
-10.129703224911992,-3.860169778578652,1
3.8937684460936164,-8.950252047660776,0
-9.183609035005004,-6.065154837043487,0
15.67632395848925,-0.36766614344744186,0
-4.9824045341512,2.096088461677939,0
5.648794058354583,0.23036113935820046,1
2.2914874692601357,-7.679843258897773,0
15.861957757722998,-2.3952225891125134,0
6.513186971326115,-4.647203545451479,0
15.200837952032183,-2.4228273541657783,1
11.979746522707844,0.5537858492567036,1
-11.017650024534323,-5.6079856630831415,1
-10.413021050133429,-5.84595527595708,1
-6.434762896513038,0.30245864390140087,1
13.07218988297581,-3.1948416344228963,1
10.92702183297785,-0.276533843259661,1
10.67854137663399,-9.777245080696899,0
9.3136736748601,-8.45764601466715,0
-10.681378849756532,-5.401135393913622,1
-7.802013210555188,-6.23308330959404,1
15.011727822111279,-2.594010348439992,0
5.898203712701878,-8.820524637265068,1
12.84082472043105,-6.379229605094071,1
-6.594860733982554,-9.302856718820237,1
-7.717020754283385,-5.074351121887124,0
9.896250412246319,-2.3747770477871293,1
5.334824930805408,-6.22742128012654,1
11.890458217315096,-5.0540930292356006,1
14.146469529502529,-1.50438490217832,1
-10.15107946582186,-5.7618262857911535,1
-10.761794344327422,-5.597411930939764,1
3.5243387327021916,7.002343894642749,0
-11.343334755298446,-5.485742831533238,1
5.140081082574029,-0.3093934886831531,1
13.864663486358964,-1.8285210018639424,0
2.4214372414549885,0.7163943468117858,0
13.637639664557103,-1.2526597950751392,1
-11.312079642200459,-6.19247395743004,1
-9.246275935593339,-5.691299748332695,1
-10.233807545853745,-6.625253360503357,1
-4.271461022913575,-6.183105542413525,1
-9.808796455073258,-2.7697469863897384,1
-9.933581925022846,-4.457830122945415,1
-9.319810112071883,-2.7804586807736977,1
-7.907469627646974,-6.609289317024284,0
-6.083535022760572,-2.968290453541525,1
-9.272293376761679,-1.6151481727167116,1
14.627582454669517,-2.567552291957552,0
-11.010211537459796,-7.253014957794898,1
-9.894789961158034,-8.08930292436601,1
4.177366188625114,-1.1579678450335755,1
-9.882718944785053,-7.544633645406042,1
-9.481183504800553,-3.549955270328442,1
-2.060206051189683,6.076686413340979,1
0.13137255496379646,3.805383284331364,0
13.129054294488983,-3.374412511454824,0
-9.049669541335302,-4.178337716295644,1
-8.744730210400103,-2.251177192744146,1
15.699178890144621,-3.4411815661154277,0
12.819244408787393,-2.75828880639166,1
9.707360154858431,1.368179320017599,1
-6.34725467618222,4.194552068954889,1
10.245397274697577,6.49905905476158,1
-7.483600925574259,-4.397910015832904,0
-5.252413747781072,-3.457513228042678,0
-9.77840002665308,-6.6264839835570255,0
11.687762455738708,-2.9047955760474133,0
-9.619107132170008,-4.755077067767973,1
0.7322011032929625,-1.0906126515705667,0
-0.8073965338052759,-2.5543559139580614,0
12.865825863101547,-1.94073229553575,1
-4.623633411252715,0.8552743306020761,1
8.33603397971692,4.32376039825725,0
7.1472391093750645,4.600570978139196,1
-6.562665778522851,-3.5905683169595193,0
14.536109964270844,-2.139233048585738,1
14.587166815356627,-4.719579249499854,0
-8.710150609718236,-1.532104307725257,1
8.722733523834911,3.1483114277635718,1
-6.084989468385891,-0.060718095767525015,0
13.105611153084444,-0.9887277760421467,1
3.246978104238985,-4.293265564367677,1
-10.882098528679458,-7.111897743201912,1
5.6601319343686285,5.1375676707608955,1
-4.101381874380142,1.7357994207777077,1
-3.2772322800842955,-2.237209360926627,0
-9.417062538107912,-5.00488490331569,1
11.678971021222004,-3.8578447159214604,0
-9.133083447887296,-7.9921259448023765,1
-9.113750292234073,-2.5828157349995635,1
13.254516500798523,-2.2474109692744046,0
6.319520440726238,-0.20988836506006184,1
-9.05795344737197,-5.917199974988439,0
8.487081287801846,0.7674548221364059,1
-10.82655614433919,-5.1908975471458145,1
-9.718678222343495,-4.87850323107249,1
-8.396391118041809,-4.2691926915269445,0
-10.248342466532046,-5.110650183995659,1
-9.281737316122415,-4.976545048977917,0
1.0115456281045592,0.38083896517367793,1
-8.472390162243789,-1.7778127875676482,1
4.609790371338719,-0.003879497511004032,0
-8.110186180628956,-0.09821831532179508,1
-10.921291557004187,-5.710280118984469,1
-0.229132744535816,-0.18540785698569195,1
-2.9044454637353425,5.982767404019584,1
-11.612394581386036,-6.768936902359901,1
-4.142525517853908,0.0009716107436424392,1
-5.931923343441555,-1.022811057709473,1
-9.274212674234864,-5.610858137882992,1
13.295475884923317,-2.8264522248320576,1
-8.824955438360732,-3.188931315786222,1
-8.907166114488902,-5.067260340067474,0
-7.398010753160529,-5.5909194577126495,1
5.412054817581244,1.9506000732755029,0
-9.243671466016638,-2.128024641464818,1
-11.006454145187014,-5.724374558664467,1
-8.096589991635247,-5.198324572724429,1
6.730017588565086,0.13208620424068693,1
-5.280091459594019,-0.0677867879367522,1
-8.3333024963744,-6.673536646543694,0
-1.7468746736664347,8.094334495876772,1
2.870210922365141,2.137641339406825,1
-10.947081699927088,-5.947190828737772,1
-8.976426667703922,-2.059364965357812,1
1.479329002123369,7.051458556666856,1
-8.64650346273986,-1.7214322529152926,1
-11.27243566712706,-6.215479784661577,1
-1.8340765562972443,-1.6392972564301478,1
-10.48801857638852,-5.37219142015757,1
-6.153832882064337,-7.053930718816095,0
-5.358525795892541,-2.976438371955915,0
-11.391599873059631,-5.645240000691088,1
-8.25176703860436,-5.227843611594849,1
10.828057205221793,-2.971324225249994,1
-0.549268367624033,-3.163074216099831,0
-11.223804661953105,-5.933039840653028,1
-10.633217246760323,-5.079988574340575,1
-8.094315236145473,-2.95332444859114,1
8.342575566820594,-2.639083618474632,1
-2.3512034694374706,-2.0988440005833238,1
-10.754257560521646,-5.701155357803508,1
-10.33054025226675,-4.266903695946917,1
-5.769442885195252,-2.04458834125275,1
-11.886588920851636,-6.132053037011278,1
-2.791362617357192,-1.2757612554317828,1
-2.1590049558760565,1.2382397983357598,1
-8.461400287031447,-1.5667998770098408,1
-8.586280370852435,-2.3925498258232256,1
-9.489476534408816,-6.262941468938399,0
8.052550402046755,2.6024852731427575,1
-8.166992729006967,-2.531220914371818,1
-6.693105164843889,-1.2683558128458623,0
-9.770022592896439,-2.7697765213756416,1
-9.732124997378776,-4.440498442049878,1
-9.581555998945703,-4.9502953614023575,1
-1.2214472073534097,10.659112112194594,1
3.743645256323509,1.7529686153181623,0
-3.0645771130358086,-0.673304628372372,1
-7.737887531293541,-8.418271769195231,0
-10.459419995937527,-5.152036554642757,1
-0.753919846301346,2.284877287923095,1
-9.630741703873728,-4.076081387599181,1
-10.631375168944754,-5.116798212299178,1
-7.853909560801033,-2.8481076142576582,1
-8.523418907003306,-2.0051197091311352,1
10.471664384059798,-2.170963493570962,1
-8.883102156375868,-1.3056001522695388,1
-4.187220880675681,4.5265906839507535,1
3.0136289791928355,-0.4335921952018711,1
-10.152159623756207,-4.799344430070356,1
-9.580466654300738,-4.700861905071114,1
-8.741831158994954,-1.719669351207875,1
9.18363895956778,3.473178149735685,1
-9.380691021579931,-6.328439317482898,1
0.9757554524548285,8.21831834075259,1
-8.15862755455665,-5.124916676744753,1
2.868356174899403,4.174210491128121,1
-9.279271876814569,-5.20166082746824,0
-8.190714688998291,-0.5635233391192647,1
-10.825923568854112,-6.2106405129736375,1
-6.111713576978692,1.7761414965595819,1
-10.903090453474373,-5.590174283073324,1
-10.110813549155642,-6.090313430802871,0
-11.00659986736946,-4.696677324785433,1
-8.895593164840546,-5.547187073069596,1
-8.137302656628082,-1.9149828482085756,1
-10.532171219428486,-5.862644368838796,1
3.232509027960532,-3.768275758815549,1
-8.908802021155807,-3.406581905760637,1
-8.548830551514657,-0.8441833676104243,1
-1.244018573724843,4.845435526034308,1
-7.372487548789479,-0.5203263758753094,1
-10.47000248714374,-4.892333851133713,1
-8.121312866503867,0.3882011884152166,1
-8.911979650762044,-1.5469106537098123,1
-10.706580592225423,-5.3396826182322386,1
-8.205828957301438,-2.9407077482363064,1
-7.52942305689246,-1.3824076023142473,1
-9.395364190355586,-2.175980374092479,1
-8.236661030944537,-0.8336104218499953,1
-9.833893964782261,-3.7242638206535337,1
-9.270323909868049,-2.5561299119826004,1
-8.221025242479104,-0.6395382727244717,1
-7.453306670902541,-3.5738588972215224,0
4.440176353608072,-2.050052239837957,0
-11.287659086657323,-6.902033186046245,1
-5.102878166062874,-3.264574234839373,1
7.293937134942482,-1.0778156692609915,0
1.0353619680992956,7.1261951279212665,1
-1.8820628083069668,3.548812469229772,1
-10.844465503964214,-5.231715219483061,1
-9.18822856015379,-1.9645022399674197,1
-8.996914317174515,-2.1451623480498196,1
6.900425831873525,7.751726271895658,1
-4.067914046146436,-1.0117873381422509,1
-10.84408128765593,-5.153119233776485,1
-11.38752856134195,-8.753672740925989,1
-1.362631286128154,5.5957544207740995,1
-4.364145209348653,4.396594268228261,1
-8.618575258564727,-3.380745252581441,1
-10.171263056608367,-4.969915503323961,1
-7.259247513240982,-1.0798359528852033,1
-2.0072993992319312,-2.3503737632652313,0
0.176996490108137,-0.1568111853678129,0
-9.066566111281656,-2.465956400141532,1
-9.997912976439126,-4.564539801437503,1
-4.994104995199687,5.267630045049572,1
-7.976656478916475,-0.24732316254758208,1
-3.3670249348537404,-1.4242932246698947,1
-8.894047792518634,-1.8517469037406906,1
-9.232971244410681,-5.405611329729835,1
6.157979361765057,0.10169581510915882,1
-9.452792259917139,-4.7230738362910865,0
-9.716664181259219,-6.4459229450445115,1
-10.463504696624815,-5.342741425299783,1
-10.59571639989169,-4.453295386870474,1
-10.911405639606492,-5.042480997278313,1
1.9508089594481388,-6.48873442478228,0
-11.349945062865439,-4.889012400224858,1
12.633020197888758,-5.654111311061017,0
8.037954222806729,1.7964353716155677,1
-9.984932747424859,-6.016012449955164,1
-3.276396891055207,0.35648064241213195,1
-7.552209603109226,-1.4285894543755704,1
-8.861603918097767,-1.9238655652261507,1
-6.257942979721046,-0.12061840441237953,1
3.5971427987586737,1.3724008701884338,1
-8.4680606952576,-1.7699813365162478,1
-8.180658125688577,-0.7621096522343719,1
6.800804015266468,3.2571607179879893,1
-10.92293613124436,-5.005697058631577,1
-8.837300932192218,-5.788429456622133,1
-6.796018773161792,-0.21811095270930006,1
-10.497605733812692,-4.156567481358887,1
-2.2545752595229755,6.360590964459271,1
-10.638457021463969,-6.080504030183731,1
-10.123789335211088,-4.630712266632211,1
-1.8721354069666638,2.4717102076794126,1
-10.639052650992994,-6.013635782585658,1
-10.158545016160659,-4.866683150943962,1
-7.628215229794327,0.2474855265804386,1
-1.6136148330112225,4.981297687383828,0
3.918902917078828,0.3675961011801752,1
-11.721543128758563,-6.23631602081582,1
-8.02710561157673,0.2491276250799603,1
-9.114870952703827,-1.8264078074327639,1
-6.893721823784036,-1.297842030394764,1
-2.568346945377526,-1.5245314208368876,1
0.7629938731137108,8.110561152398105,1
-9.140719234039452,-2.0572561246911247,1
-9.968175918905688,-2.343970378496163,1
-6.788108576184144,-1.71256987355471,1
-2.5089139946724464,4.302257018991575,1
-8.460078071343366,-1.3814810247885472,1
-8.25377432242964,-1.0622203013324514,1
-10.628163618166095,-4.53712822912453,1
-4.110593313092926,5.182596156354184,1
-8.743086455094142,-0.6692469728647058,1
-10.98111183482587,-5.687085237042258,1
-0.6458615382091408,5.667579247208382,1
-3.4819807323620693,4.100649516191439,1
-3.096448842407995,2.059742836105489,0
-5.359308859548056,3.6444679523739807,1
-7.131509314265267,-0.49435317908953447,1
-1.4219357949363651,2.6412218806356385,1
-3.6630135806191135,5.808489000570254,1
-1.326589947631164,3.35846663098139,1
-8.500100280709411,-0.9279735542837815,1
-9.117317746933832,-1.6894622210826724,1
-7.133777790799644,1.7767662664407615,1
-4.658603289381927,0.9318029984531007,1
-9.415608516360388,-1.9416284847605438,1
-8.637369496516651,-1.0501118276051686,1
-6.738918753691715,-0.04907339194577468,1
-8.699931860907528,-1.7033407599724821,1
-5.164296028821509,2.792105722787639,1
-9.853327516631737,-6.906451540051856,0
-3.2318616785799645,9.059786228549093,1
-4.556131798074831,2.886551315511341,1
-10.569615245953772,-5.902150346899086,1
-10.50317606841603,-4.4618519149013345,1
-10.361933776269266,-6.784998797453533,1
-4.9929661039337025,3.7852039928029204,1
-7.279154414765179,-0.1892767521616441,1
-2.828050928623957,5.539449159499796,0
-11.168030569312698,-6.009456108907892,1
1.1019780118759543,-0.16993158670957745,0
-8.451481697469918,-2.8073708986617807,1
-11.480602674648257,-7.232714241182924,1
-5.868338916651615,-1.723392098582874,1
-0.06847693141209915,1.6564245999122853,1
-9.954531789543568,-3.1173596357285605,1
-2.301212967601722,6.315562697342072,1
-4.41328415373698,3.657693158042476,1
-9.344470885794813,-4.248904121909969,1
-0.19470666769100542,4.081555004131664,1
-8.388156177113608,-0.7150526656148931,1
-4.601393683533401,3.8165972230692766,1
-1.2528269512017491,6.404117328350747,1
-10.602617989595762,-4.350379690531467,1
-10.789016098555233,-5.960085202885633,1
3.9855195242186525,8.525467091963423,1
-4.6989150906230925,3.5432151573464266,1
-9.41323909642395,-3.611056128218136,1
-7.93207006699303,-0.8593429452011768,1
-9.172694934465715,-1.7478170877922337,1
3.0124963366449458,5.01057900965007,1
-8.42280841274719,-1.1774660380363036,1
-9.063315060093514,-1.8714588561423133,1
-10.306599324335739,-3.27770559745006,1
-6.5906385646470795,-0.2936665098114393,1
-9.905128088472635,-2.9723658126694215,1
-7.086235248661763,-2.7829516434697643,0
-11.086166984573987,-5.657529631183425,1
-11.693228510467684,-6.291963533530511,1
-7.898390494622249,-3.278647610185046,0
-7.799539689903479,-1.363910830517451,1
-7.908877288664861,-0.15066270879891638,1
-9.381517599385562,-4.179161265847937,1
-3.999921466013327,5.356794820064075,1
-10.82902249088624,-6.447464759111304,1
-10.417207127595365,-5.012377843748273,1
-6.773112346183349,-0.6680106110950799,1
-7.700230676464135,-5.178883378562548,0
-8.710610886236902,-0.25054340176130824,1
-0.5793619334697998,3.6057944238293227,1
-10.351878898679853,-5.395368639431036,1
-11.40229908125369,-5.358948160968427,1
-3.486498963204459,-3.739229272366068,0
-9.133147900772036,-2.292757523894531,1
-10.57918773475874,-5.193443385208007,1
-7.186486347065634,-1.267299544647941,1
-10.34407774784387,-5.080660866230075,1
-4.740251129326363,-0.6984456155963704,1
-3.198672916070295,5.37201458153006,1
-8.430000337371633,-0.5853117881017152,1
-8.427952523271212,-0.3462713406990827,1
-9.839976853836104,-4.75846672930034,1
-10.034544920506281,-4.105242339235494,1
-9.327869261971385,-2.600798792778313,1
-8.828679450288378,-5.748122036467573,0
-4.524494723143051,1.0555845779299453,1
-8.07455252789903,0.05071278842218974,1
-9.982946817770733,-5.050157045389642,1
-9.281067170382554,-2.4351393287142,1
-8.327876594459864,-5.934475661468868,0
-8.820818575213787,-2.5220295634073104,1
-1.0527755729389607,0.13301464957882922,1
-8.973710877488154,-2.1195611726235,1
-8.289273883771964,-5.5994220276151685,0
-10.331805640313187,-5.069225708715794,1
-9.160299886627273,-1.5566923938129307,1
-10.110660780871816,-7.045352428081151,0
-8.554675448499514,-2.025968338447551,1
-9.015303751232256,-1.9171506885325766,1
-10.716573742353809,-4.204189273744475,1
-6.174774267095547,0.7606694734569487,1
-9.805016104081625,-7.81472032907129,0
-9.054201474720198,-1.781236996290655,1
-11.08405252363746,-6.190188009861865,1
-10.182458980273264,-5.374806100093763,1
-9.148323370851193,-2.9763471035188958,1
-10.419928908088677,-3.7061472459448166,1
-10.458706536866716,-6.00115963434522,1
-8.003674613198159,-2.2880665690530337,0
-6.554118510394231,-0.7183385139179549,0
-11.647019767268187,-7.240202022718875,1
-5.862109124912651,0.5017720709522114,1
-4.96581236676256,1.9932946943485743,1
-6.5033104721611465,-0.08853553271873371,1
-8.207296390676124,-1.228077376030326,1
-5.354437472076969,1.5802048728916134,1
-8.826570991195423,-1.8560960585419564,1
-11.346087452138221,-5.543756018504866,1
-9.34521245882002,-3.2589824799485485,1
-7.597275080344685,-3.750298632855803,1
-4.915730492161872,1.5843589097340778,1
-3.763602721369213,2.2187810438421587,1
-10.217817602318574,-4.595129217834659,1
-8.109793530546503,-3.3206960380575,0
-7.150152423880081,-1.879167388537296,0
-9.18254352561609,-2.681839791071792,1
-9.78614603911126,-7.666123030508571,3
-8.119317419012466,-1.8017544168280033,1
-9.082818880704476,-0.6654812146134041,1
-10.799450157764966,-5.374433258379714,1
-4.667357936081964,-4.3770982479654315,1
-10.264832526943671,-4.450704056224589,1
-7.102261026038627,-0.6430726552981588,1
-7.5373285859545875,-0.8484071195428721,0
-10.54638190426694,-4.937375719170937,1
-9.544640805055629,-4.199853687596841,1
-1.6652529208593618,9.61788816402583,1
-10.07314656657984,-4.514355726740601,1
-0.9928641401115716,9.027852549300055,1
-8.08026476813531,-1.894574002194156,1
-8.039736948902647,-1.2175228387806545,1
-8.153419744312853,-2.2194640653559436,1
-10.601001633906824,-4.999220339699391,1
-4.41792178780118,2.316312761357743,1
-8.49968742303998,-7.6281508661765836,0
-9.624717365103988,-2.878761755643208,1
-8.895075083900124,-2.737697819281031,1
0.9610125102066716,3.7454039586730197,1
-5.872240102436932,1.664059588744564,1
-4.202867225482691,2.0422384413576222,1
-10.763949618984554,-4.894215140035106,1
-10.558842078188112,-5.402214128478148,1
-7.515263632773817,0.5258168923096637,1
-10.007820809723196,-5.049693512744269,1
-10.695620679107147,-5.523039703346238,1
-10.28009693260364,-4.643199605290489,1
-8.111251531530646,-2.931479232623578,1
-8.409268470998027,-2.3506940331376995,1
-9.49841344525763,-3.1949334115439854,1
-8.462253318875463,-4.652825191409853,0
-9.715953865033631,-4.2545402443145655,1
-10.414523034563386,-4.42214018614751,1
-5.150477788682542,1.83773347542827,1
-10.199116273224273,-4.99963100991656,1
-4.989510563964614,4.276329568219682,1
-8.997833852846982,-5.167887986889025,1
-7.448996774942518,-2.3087942863295696,0
-8.672567763288157,-1.2131646939926055,1
-8.715134101154803,-5.004632049424269,1
-9.918109446085712,-6.828122775276153,0
-10.121023983130678,-4.61187717585089,1
-6.85729971179985,-3.0753398692635336,0
-7.858125073624627,-1.0810391064343932,1
-8.909750472169886,-1.5454465063827507,1
-9.742192870083079,-3.752093751743128,1
-8.036730511945953,-1.9482960924273227,1
-10.55682744215482,-5.636744740004502,1
-11.011752486740598,-5.771921581226286,1
-0.01564118378035066,7.421576958822836,1
-8.362854731081296,-2.9129425154068698,1
-9.319407351360379,-2.1140272376043985,1
-8.71849293257686,-0.6758954015612766,1
-3.4738660635644014,8.718451410021148,1
-6.741560745066173,0.4630744055020247,1
-11.198325695759406,-5.190148844500674,1
-3.4104875546518345,5.392456715240935,1
-6.883993294534408,-0.5639428902553487,1
-11.43132576960404,-5.4948333369227464,1
-10.55080897898921,-4.287194053659312,1
-5.279831537280114,6.0616296828258065,1
-8.162569958495022,-1.7514546269429316,1
-8.868259905228946,-1.3903512066482646,1
-10.755847089396669,-4.954033681721355,1
-6.4352513309903525,0.9530932595387515,1
-10.841315656129318,-6.485945632651689,1
-8.0304600668506,-2.5924464681551918,1
-9.006660095909508,-2.158076099202449,1
-11.73308296850302,-7.120730323534328,1
-9.110728999323083,-1.9534460718606725,1
-3.572707388548853,2.817549414468805,1
-4.349463073775742,5.78500306275788,1
-8.011691873911978,-5.111781417670288,1
-10.12270613719947,-2.829401229009029,1
-10.79350679696982,-5.485024520777445,1
-10.887742885731928,-5.0631097990538665,1
-6.845990232347147,-0.22722685930693354,1
-12.802802294204284,-10.87824219414536,2
-7.076374900270726,-0.11079175348551609,1
-8.438294313656224,-0.4846430503303309,1
-5.125027177034615,-2.336775314744641,0
-10.750498832142531,-5.489062001234706,1
-6.595556269167641,-4.071559657432886,1
-6.23197224418524,-1.551410064071704,1
-8.21475549018381,-1.0521884625736215,1
-10.513897716313954,-5.06843793301726,1
-8.477516553448867,-2.6889379306406007,1
-9.173025383179043,-3.6944491675325537,1
-6.083264145622134,-0.2287562997707136,1
-9.071255919510119,-1.7226138916269613,1
-7.18754522432782,-0.02538850326288873,1
-7.907137932400304,-0.6993363109599666,1
-7.432085069325111,-1.7533519629780119,1
-9.422562121086566,-4.140641566196915,1
-7.271714941422442,-0.6096481539876667,1
0.6511335041877603,3.1503956281244903,1
-5.011645922224845,1.1660847957959897,1
-8.104695682958265,-2.75664212580203,1
-9.118350107470913,-2.0695252958155783,1
-11.077173520983026,-7.6235751749784,1
-8.533113687284732,-1.994907449116854,1
-12.306401398358243,-6.967885355290127,1
-4.925704199829692,0.9625090045896652,1
-11.640899272104994,-6.913312478874676,1
-11.43972749286636,-5.541872432168167,1
-2.572105281631718,1.4648150826042696,0
-5.968462467107861,-1.1316085328418384,0
-7.04418037203366,-0.28483714976168223,1
-7.497679097872307,0.47245184329752654,1
-8.631375579932461,-1.5793436708233681,1
-8.814689984756823,-3.9171114330836,1
-8.5912546086229,-2.2872884641771662,1
-6.138170114554967,-0.3544675084052754,0
-7.429701701171124,-6.933980572499837,0
-9.353383227224283,-4.384163077827864,1
-7.080917650016296,-0.31241371198563567,1
-9.862080425536687,-8.777550773952845,1
-8.093832193991135,-2.530504882997459,1
-10.466574969013717,-4.771384204516345,1
-8.069577302098299,-4.499247412998688,1
-9.02447265136354,-6.026691924237024,0
-6.386781916830016,-1.4024519126564177,1
-8.602061937176956,-3.8203661462333907,1
-8.279519288750977,-4.394589093602842,1
-3.972741640692481,2.3661461526846805,1
-8.238188837664921,-0.8063749549468477,1
-6.112363885208808,4.2288089825675605,1
-9.452157154836533,-4.920567028504067,1
-10.538352642196296,-3.986005386104247,1
-8.325823594306053,-4.101174029662973,0
-9.433595590885078,-5.717680596957174,0
-10.563391727280438,-5.180580179271211,1
-6.372631454751006,1.9909915803969362,1
-8.67600697219534,-1.8468626654014835,1
-7.48852005024688,-4.013777315881325,0
-8.353491202036176,-0.5382248633728031,1
-8.49282107202959,-2.1538669682217257,1
-3.245139441640038,3.7563795816839733,1
-9.683413151771294,-5.045368063383561,1
-8.915487715136942,-1.2839111184454581,1
-11.006362158985485,-5.651678640330514,1
-5.6004194660732685,-1.2344717888402943,1
-7.439991559353461,-0.6473289851927913,1
-6.16043015540701,-0.13395779050381518,0
-8.570681768846255,-6.491447480155527,0
-9.831635983719709,-5.097947026343165,1
-8.616640972752466,-1.5809270228241457,1
-8.180817303595127,-1.3918315535984358,1
13.254696366259152,-2.741867726327165,0
10.18060405558333,-2.3856252844351427,0
2.297494364555969,-11.554125781832298,0
9.678250153874712,-5.570366198543817,0
12.969228752258111,0.07044455432291714,1
13.136524321178324,2.3276666770718344,0
13.414944319396819,-6.73002817793717,0
13.655204308504336,-3.581074676994063,0
11.883674251679375,-3.2539800249483997,0
6.54137623582798,-3.8857096132634887,1
15.38849339481342,-1.821442436205393,1
4.255837022470006,-0.5894572465349994,0
9.8709256093291,-8.226044188471263,0
12.162228045623152,-4.9957682656780475,1
12.812802913850698,-1.0573212412372177,0
10.032936200847098,-1.7621995906886982,1
0.6965068109637638,0.10439711305377222,0
7.939874140634118,-3.093810839258131,1
-6.8346805499555705,-1.620302751781381,1
3.2958671737698824,2.1887360185037266,1
10.883556284720317,-4.977469971774458,1
0.9996026839498202,0.1579947138175995,1
12.93511257295934,-1.0885269768724997,1
15.090006891116612,-0.39459911802175435,0
-1.5999591149718417,4.215402049757649,1
15.574582015674608,-2.226685510430559,0
8.476685591762909,-4.062257725900048,0
3.4872283859949254,-2.328692748408215,0
9.055910935536602,1.8537445822039424,1
11.598922426512498,-2.550246642928162,1
0.9565964470738856,-1.0396376135838072,1
0.21534829287659418,-13.171777569488002,0
13.189478091916405,-5.812973528552722,0
8.77171866195983,-7.960555009399899,0
14.619552648000935,-4.000382423134104,0
0.5217113300979304,-11.182522123142888,0
9.724012458339333,2.0295578514225596,1
9.911235840365837,-1.8922776139717064,0
11.500268853567334,-8.099082515802724,0
2.146452943242045,5.368247229343385,1
5.085300342928629,3.4351143801619908,1
1.9489377561356631,1.548022426845981,0
7.811569680153792,-2.2273658700731116,0
7.578528695050785,1.3375258398221215,1
5.906398582737846,-5.197846261897216,0
12.61052246980959,0.23518656983595,1
14.149947302028835,-3.7814726509571734,0
10.551486414573846,-4.5141706231573915,0
12.944042497502274,-1.2753224193718469,1
12.679213910254738,-4.309050083766015,0
2.1033827869506903,-8.320950971932124,1
5.287500057745683,1.522534892138076,0
-1.3456829782274031,3.5589652807868952,1
9.555008294513257,2.6989988173854234,1
12.103590976157502,-4.21373721281568,1
5.933759937966512,-3.123444980360756,1
0.834737557487202,1.1307584571871772,1
8.004721459796619,-4.147155964889927,0
4.181962150892241,-2.533059472788913,1
12.195338602291466,-0.46940252903927543,1
12.939722155346884,-1.1055276063873578,1
1.4664310140479662,-1.4900759856284325,1
3.5812578140595153,-2.593240207657779,1
14.430471984663537,-7.001776928297553,0
7.852168799483649,-4.342468412151788,0
12.279004994855484,-3.3834295936581262,1
5.60973193310654,-2.3479532918103843,1
13.890106860894209,-3.4559810754228426,0
0.8012721808375125,3.457509920851173,1
12.559437096754161,-5.718565519487002,0
-5.102519877044496,1.2134552670661867,1
8.7934186569212,-7.655705072728468,0
14.907735336928127,-2.3496880073622606,0
5.639633720964574,1.4662921335260732,1
2.6152526491089754,2.959082329016767,1
5.220113416241721,-0.08536868445745509,1
7.454453132789609,2.5417782527635664,1
10.85984222226238,1.6840221486274516,1
11.115770325233994,-2.840138146997713,1
0.5146099513093605,3.932944768823206,1
3.938605676298583,-0.9630069181926926,1
3.7974148218704293,-2.332940629570403,1
-1.1786424118347845,2.0242891606545563,0
7.578445706883601,4.283517906824877,1
4.07149376543595,2.606503487173456,1
-1.8533241606312274,1.1873062167212194,0
-2.2484836354762567,-0.06881734182606615,0
11.094902284366448,-4.81559020641823,0
4.836408498212258,-4.381808721153231,0
3.628226839536996,4.864078249209922,1
13.050813333425896,-3.786714672204537,0
-6.7030870616384055,-3.5888919972679814,1
-2.347894750031692,-0.5257910456963989,0
12.72454833285411,-2.670592219360261,1
2.11938889838929,-6.72054272072313,0
-1.726562297499323,5.177907956555751,1
6.862699417408201,-1.0420504745536168,1
11.834079280659564,-2.1564567224938416,1
1.42663321280969,-1.8284909023692597,1
5.1341247295888826,-0.3566904001616846,0
-4.998491958461457,-2.785152828007408,1
13.378354708921663,-4.981061150900734,0
4.504089469467024,5.253019843552642,1
-1.0738749369123737,0.08905922180506873,1
15.931116791020267,-1.5958833156969612,0
7.029745522958904,-5.672523960972354,0
-1.4558314687538159,2.8450811957834765,1
-1.657214242446112,1.1043977881072717,1
14.098004528889344,-1.2242426849325512,0
10.266090182787574,-4.251421993987231,1
16.07943830255238,-1.5149422570227784,0
5.903490834682104,-3.972030461249355,0
7.491416371452931,1.8552248798531614,1
-0.7295939299871108,0.25807719945479846,0
1.9729384111718489,3.1149457555407993,1
0.8007551868326518,1.209439069170588,0
-6.62027191426814,-2.7095895012822737,1
4.91389314913996,-2.532831494049031,1
3.2944809708692624,3.6256110122332004,1
3.864598914409454,-3.376858775076786,0
2.709604449069615,1.7771262186946812,0
2.6314625101202886,3.540648617440844,1
5.31012008520823,0.2693346201213572,0
-5.942856848616993,-4.140993970024214,1
13.970191451056927,-3.357631249435935,0
12.446591459280873,-3.0163813644043524,1
-2.5568477952066515,-2.0078869467052693,1
10.456872982655293,0.17096886388378296,1
11.018716381039535,-0.8416963938241817,0
11.578416544920591,-3.259263864777239,0
1.5635329366731088,-7.9877156558344256,1
3.4338763155821317,1.2908715194381668,1
14.340148877352352,-3.541734542858855,0
-2.128237807158536,4.94133016672297,1
4.943783514324418,-0.6897552979788683,0
0.5924282095109503,2.479055135784416,1
2.3032010014324853,-5.917642448182717,0
1.2684832800971906,-0.3993179515511337,1
3.9206974481035743,4.549249087698006,1
12.489833022758319,0.797283460452146,0
0.22045797308959994,5.5402886009615715,1
12.380009539825373,-6.283646100049207,0
2.687622443661172,4.224192222239266,1
2.3521906334003977,-0.27163639817196983,0
9.83027681440586,0.9334834112692119,1
6.856334502661605,1.1844409834777816,1
6.866953840818008,1.585929912838958,1
12.79652351801142,-1.8753127590738219,1
0.38418209532365627,0.14879226177687302,1
9.450296483049513,-7.998866978470228,0
1.7091968820315617,-1.1095725759109913,0
-0.3030494692976374,2.8062931209620237,0
2.6712550536576196,5.111805236053379,0
2.3015569909358202,-11.555486532485322,0
0.6432657130188542,-6.071262384010672,0
14.256713813563133,-3.016501137710175,0
8.33292440638154,-0.06713340129128574,0
-0.7721204814189312,-1.3635781007015744,0
1.520285254241817,-7.203447664671762,0
4.572621710913444,-7.853158002606277,0
-2.084792092935314,0.6491410237151158,1
8.875741428581726,-1.181885788326467,1
1.3910383256185883,1.6500693265518998,1
2.9048581006828047,0.5589343266131354,0
9.3649745325172,0.31277892615146385,1
7.385248507246319,-3.6802563608064838,1
9.101708515752167,-5.8077649123108115,0
0.5184071842006297,1.651144523620305,1
0.926460329841093,-1.6141857244797204,1
3.1700284592668506,-2.37158156615565,0
-8.576175201378145,-6.627854431424628,1
-2.177535951661089,0.8581052940968437,0
12.54799917638835,2.134243044569411,1
7.087317584758783,-1.0490391963583545,0
12.242549297610193,0.4072689295186787,1
4.289842270270606,-4.285873594969517,0
3.1861944436570804,1.002919549803749,1
12.642991727326143,0.6481687008534688,1
13.268117502554968,-1.0413427966114384,0
7.543996726828891,0.6007911475096824,0
1.0578214066679625,4.205259159081438,1
-0.7302797108149282,3.548917360930829,1
-2.5095095161871543,-1.3183411445887738,0
5.2108367679418865,0.8872219308388135,1
7.708070651205295,-2.4907306048419793,0
2.9068194504409894,-0.9624612334341953,1
-1.3030671994167846,-1.4793971971515387,1
-0.5282360429171334,3.3118490508412535,1
-0.15168072763304283,-2.904826879396611,0
10.335892646370718,4.027655871273899,1
2.5371119171505097,1.395641755267675,1
7.638456896698339,-3.0001246502828867,0
6.110700835478911,-6.506486443039389,1
12.035209271267203,-5.36220061540091,0
3.462605664417343,-4.108969984037166,0
-0.005301157028604199,5.340000884075364,1
-4.5815262665102585,0.48181827996297033,0
7.634412625168864,6.370228312764702,1
5.623137906223717,2.4145613897200016,0
0.24096789388771842,7.131943777637126,1
-7.113474682412736,-0.5026907933807606,1
12.263765586401659,-1.6028328733136497,0
-0.30696436982710634,2.124176083421767,0
1.263825775058057,-1.9239863601275207,1
-3.45930300186837,-1.1495475325963775,0
-4.3579410393236335,-8.214353944035791,0
2.279767906773808,3.5964750976495155,0
-5.210846969185459,-4.971122462841537,0
3.127160819322231,3.321945210790119,0
2.911790154566683,3.103388681239986,1
13.552862109245144,-3.5116077577405225,1
-3.0324734570307537,1.4468368623923507,0
3.5045906639981306,-3.1549003235266775,0
-1.4406317095822185,-3.319772151056741,1
-2.4934990667704664,2.663154540720738,1
-2.593998885562532,-3.0855323660376004,0
-2.199151679190272,1.7962162765451961,1
-2.247235911003829,4.568984477449198,1
6.452394125856751,-2.3317510514638355,0
6.130146323783381,0.7365934728044006,1
-6.120655917651187,-0.17478850276596855,1
-4.535484251092497,0.9956018772532378,1
-1.7660181719090864,4.595001493735268,1
-1.3773579718418343,2.607236155383019,1
-2.7530858232096618,5.534368972485385,1
-8.981315206601627,-3.2975940444375857,1
11.173999891481136,-4.969129590364174,0
4.166661204149094,-2.614870867626072,1
-1.8382208578268993,5.2613370314863985,1
1.8308846183992231,0.11574179504660052,0
8.391536317142082,-4.345929537635657,0
-3.4050741023618327,-0.18951174597479853,1
-0.8379714469734256,3.1478863962268377,1
14.293543205870359,-1.3961787548847469,1
-5.5860905861635475,-4.036873537467281,0
0.4053075007247504,1.9163063275206031,1
6.049779415927552,1.1738123450096367,1
4.919174761471573,-3.379464784532048,0
-3.076256561085007,0.8016817566312556,1
6.820162537710553,-2.630438318909231,0
12.784441769587271,-4.796433184498812,0
8.610958060357405,-2.170510843032384,0
-1.5360702180477876,-1.95037436480617,1
7.099270165057084,-0.5157364190663435,1
6.350762301961486,-1.2475063287223167,0
-4.409528933409916,-0.4676791919179535,1
-1.604255689243452,2.235039670385838,1
3.9478197920163183,-0.45962082388394393,0
9.24817536400514,-3.0935717276184227,0
-3.0308486662970853,5.2930717854308655,1
3.7113390322765816,3.2159885289755685,1
-3.5282872510585865,-0.13456604923600193,1
-1.769158937741017,-1.8432690939055758,0
7.165411750756237,-4.200683394524713,0
0.13007113472759058,6.415380772663805,0
-1.5423397824794647,0.49434970278921786,0
-1.9474380824095254,-0.8979558908478449,0
-6.835757514984192,-2.486259821658822,1
1.6242507934347434,2.665748032312602,1
4.513320300786156,0.7117660315399472,1
-5.40300721183801,-1.4394704984253046,1
0.9060777809924863,2.6607063402505107,0
-6.650452636825917,-2.440593564966619,1
14.325425191538748,4.453865327864057,1
-0.33876036224940315,3.722675529410372,1
0.35717474321807746,4.915316675983302,1
0.7413818547117127,2.6769876622542106,1
-2.758172071193443,1.804089651471505,1
-2.187524463726733,2.970065521273048,1
5.249924800800028,-0.3019239244826766,0
-0.31658721288380115,5.945762929789835,1
0.43820059846635384,1.719456344362544,1
11.602741693622985,-2.6403164123016887,1
13.920210410544728,-3.1643399633330747,0
5.401262763766857,-0.8040425119332225,0
-3.0306330390925393,2.763746834386265,1
-4.191180726148865,-5.206736416962409,1
5.515983981039875,2.5629485460788257,0
-6.787329894484992,-2.8354028481325093,1
-0.1555901260896003,2.745026882465713,1
11.619422259573025,-3.784887895992096,0
-1.3937670825674,6.134826265211185,0
-0.6803611499514856,0.7080411408756139,1
-7.23125329673315,-2.095213618728557,1
1.761840435874892,3.0907650163126483,1
1.1102549059940752,5.3918961629874085,1
1.9278697279340007,0.34614880227449457,1
-2.5551536244433786,0.828692651686182,1
0.6386177940940653,3.736168141067136,1
-6.785911989166014,0.6962706787367072,1
-3.3867208538069025,1.0662267399352046,0
10.575274050170327,-3.8290297076434507,1
10.099693875886167,-4.928325046258019,1
-0.7979391961721852,5.061320700738001,0
-4.70136693437379,3.2048657686385718,1
2.994787917784208,2.8652220265734325,0
-2.7526622450971856,4.340777375809628,1
-3.3234610464932444,-1.4170283276951818,0
-3.4107410694484175,3.6790633915518645,1
1.305591901965889,1.9623131562388392,1
-3.3202127296759616,4.025574160943206,1
1.1587495963000016,-3.2431700689012315,1
11.095718457641699,-2.6770026341508837,0
5.735140743986724,3.572607867675295,0
-3.634863926550344,-4.013411326316693,1
4.200489094212772,-7.0617626002810745,1
6.570645903277788,0.22982813269565947,0
5.080758241538576,-1.039895864766946,0
-1.3923877631931478,3.28262817126,1
-4.90326531139999,-0.06527500727373811,1
-3.703469605831882,2.2288360005769037,1
-3.71898950156545,2.1310143787454,1
3.36983475054307,-1.199654821460765,1
3.6028550493508256,1.104575395995151,0
-2.2034857857189976,6.757874084924646,1
1.579082229760376,-0.5425526071968474,0
-2.3667995811125486,1.9890786288233757,1
-1.5406116112503097,3.6917382060247474,1
-7.2129685977649105,-3.4127138888851674,1
-1.9155141033297438,4.568890750811064,1
-3.560133291689407,4.9509169965702595,1
-1.9937291139053661,4.021162504277439,1
-2.8437795320060153,-2.05390847757012,0
-5.222580048137282,1.9932554315993376,1
-2.7965396618900855,1.2973638870348705,1
-3.0483272692035195,2.514287568999241,1
2.660258999316175,4.476849628960065,1
-4.294458230740429,-4.804926135683627,0
-1.7525522224855246,4.122196810911883,1
-4.984900899544768,1.7420483946137333,1
-3.0030931354031396,4.486305505654643,1
-5.515280367404571,-4.8404777886963934,0
-1.712991644900674,1.4317743830424061,1
-2.895557197618036,4.186886749771497,1
-2.6998096305500328,3.313604745263522,1
-3.38935568506827,-1.5091861327276992,0
1.618501859864759,0.46433829815801136,0
-3.858656738775392,1.4425092315522667,1
7.526833482497865,2.818606094484207,1
0.8995373019098677,3.3431337948964517,1
-2.825772289430231,4.294568575007754,1
-1.5053936657327733,1.9213054576288242,0
-2.869987679524185,-1.1462991332370593,1
-3.2957314776217776,2.859612333618762,1
1.765351800644202,3.5912017430168035,1
-3.4001296673667314,5.055908817406555,1
-1.4133077873466913,1.1448240274545485,0
0.033216301976653574,2.8555211328543315,1
-3.0738197162066867,2.9541970013424788,1
-4.419952789813314,-4.433464629566526,1
2.5680775466768035,2.3335679038547497,1
5.384054816723801,3.8294274297522803,1
-5.684331448655302,-0.6624503761397299,1
-2.718993685357135,-1.1126960080257002,1
-2.3073182016318503,1.7020432066239732,1
-8.81759913354203,-5.1937931751371895,1
8.00171415283787,0.5842989549897639,1
-5.460735233741993,2.3921745172028803,1
-3.3915657882847876,3.7728972412981503,1
-4.180497697874852,3.4091878033704273,1
-2.841258667923884,-2.8923016023281507,0
-4.311292025911103,-7.172107408106299,0
-3.1930768211985874,4.69017645569169,1
-8.322624346534257,-2.940018699323467,1
-4.383762611376914,3.497199336374385,1
-1.459490731459291,0.7811226939509733,0
11.759252873100257,3.2330148223126263,1
-0.9263768014469733,1.1541822746637087,0
-1.4570277998259158,4.073996518887239,0
-2.261005340169064,4.441136500328635,1
-4.041740981351408,2.6177996846518496,1
-3.8048008032164664,-1.696136776588477,1
-3.156403687416459,4.417385168172315,1
-1.377801806314148,3.320737347422809,1
-7.08136337652249,-2.758430194768818,1
-3.63847459729003,-1.13734511616825,0
-4.700507387641158,-0.4305915414063772,1
-2.9747110352621404,-0.9934905530851367,1
-3.748346165701162,2.407313838626088,1
-4.8894837891541565,-2.6509765726059897,0
-8.461329118340899,-4.75785165905676,0
-3.979268749527683,1.0880003653564896,1
-5.976004049823641,0.13573023566934997,1
-0.23391767320967882,5.194126593533134,0
-0.7209792122564289,5.59877406484579,1
-1.899876492190327,4.609474344461225,1
-8.406741110252014,-5.161278060391251,0
-1.606238467838764,-0.2698740745208487,1
-8.619390026836603,-4.798865127384964,1
-3.2808791715311876,2.287853541343171,1
-2.1501392208970245,4.49412186581733,1
-2.737021804938351,4.842130404614862,1
-0.7431049670921984,-1.0910713223740425,1
-4.368678141948936,2.912503079652185,1
8.103498118778957,-2.8428859344383772,1
-2.3612480118958006,4.2416124568906355,1
-4.022402214682506,-4.23158272951355,0
-3.0178097359050713,4.520674486743978,1
-3.442884056878198,-1.6126510227904822,0
-6.408355784626906,-4.321618803114037,0
0.3396980397827802,-1.944192299251993,1
-9.853829040583143,-5.814536788153896,1
-5.380413964703896,1.3820543513652388,1
-7.810778957393394,-2.3890706452563486,1
-1.5069914895806258,4.112120685725024,1
-3.5559505495164534,4.378897735841168,1
-3.215555502808201,0.9444533131368116,1
-1.657739928352134,2.72430447797048,1
-8.303409245454281,-5.3611820549235425,0
0.30655152284225984,-1.053272192279237,1
-2.468206388651951,4.05792651577211,1
-9.225608194871267,-5.842176314851715,1
-2.171603742865763,3.65387466614058,1
-7.035281511243114,-1.3545025884902213,1
-7.663262824575101,-5.138849914648174,1
-1.228591527375442,2.907059382941657,1
-4.1630224464207135,1.8249044678094293,1
-4.63019944343275,3.144359150262525,1
-5.361637446521453,-1.9364978089855185,0
0.9294468081922994,-0.2736616030041272,0
-7.730046030111393,-3.7804381960268896,1
-3.407821881942093,1.6387366614452046,1
7.939756781087886,-3.0946551987518456,1
-3.744808674202478,2.4333058127779936,1
-8.269860432206857,-3.2987114001609634,1
-3.9837573951708314,2.9211056108303546,1
-3.1123734179023854,1.0002450988414178,1
-2.0719244978323927,4.891785296916477,1
-2.4278935968253585,1.9919153526593671,0
-6.952155778822231,-4.553677014649637,1
-6.774139611887403,0.11576885650629083,1
-2.3657309580232146,3.535627279708452,0
-10.514408909334458,-5.452567252724459,1
-7.160984770614021,0.3993244726435688,1
-0.17017324826771363,2.2664981226544114,1
-0.5922619421035651,-0.6510772039313644,1
-5.526643652959859,1.0376782645505247,1
-7.1003202450237515,-0.11770330851890093,1
-6.42412289146151,-0.39583180828776926,1
-4.3252925240641185,1.2061359209321934,1
-5.052795661005335,-1.8417634330098238,1
0.3701092709261925,-1.986191783445843,1
7.000742710013098,3.236349862251054,0
-6.9241335543989155,-4.058699120528725,1
-6.800147569972069,-4.523895755804547,1
-6.327329600931631,-1.6699671112276209,0
6.855125774797562,-3.738865871107596,1
-4.8980819052148235,-2.3472841000440177,0
-1.707556502189288,5.416336474163235,1
-7.093551484241037,0.4019199572298309,1
-5.106672574511429,-0.40493761453974525,1
-3.721638065758723,7.355953338895465,1
-2.424599473932675,-3.2377545633671354,0
-2.5476149281856366,-0.0488059142835765,1
-5.635948178999062,-3.8529874947882714,0
0.5404084513676033,7.00363528252146,0
-5.015848471526212,0.8883427658794041,0
10.772783422937907,-1.7452779870023472,0
13.373378666762022,-5.826083708583749,1
15.93722603789344,-1.475219938361112,1
10.495221788603637,-2.78865397923278,0
6.071862733050898,-3.0219563453979474,0
12.450939139463651,-4.728375870701165,0
13.301073200853297,-2.293813598639915,1
13.707813087338083,-3.3154129315104424,0
8.442886757351248,5.335493352598715,1
16.760098080231895,-0.7908710745470587,1
12.219460724528345,-8.155333704192545,1
13.03663920349422,-5.792852622730142,0
12.787357307131456,-1.837237445843362,0
12.58041732308346,-5.858930491758187,0
15.305545975454233,-5.2233208474774475,0
14.414326160480305,-2.6597808507924707,0
15.259492655850293,-1.8099871011132,1
7.9200535061091815,-2.123790440362112,0
15.827026706863052,-2.5442898056867738,1
14.958671826491218,-2.665868759178399,1
12.128872826019098,2.2301922077812195,1
9.187063180975072,0.534574939343831,0
13.817486844713603,-3.8247578015309873,1
4.01762592994031,-7.477977325739994,1
16.13195028547675,-0.8413499464037504,1
0.11815206680806688,-5.580600516281056,1
16.01519348426706,-0.43215514022537216,1
15.622032911028956,-1.8309061108506954,0
5.842750097271067,-2.9107741122571094,0
14.931452060792209,-3.5102869736331956,0
15.479615484503379,-0.9841960879662672,1
6.8820049641819425,-1.1084045697439102,1
1.7520796157294543,-1.7470321252132228,0
12.906819957493726,-4.728095058507602,0
-3.564932428525647,1.5810341012815539,1
6.428117488903673,-2.1653389615622136,1
10.529662605164269,-0.921238765788845,1
15.466630370732455,-2.8960994605691495,1
0.31986170022823135,5.034686364266514,0
13.2745942410388,1.296195064810653,1
15.089880772690188,-0.7266635316155537,1
8.408602479800646,-6.102869787096481,0
15.892532515319742,-2.552119710804463,1
3.7657082540249487,-3.425596908652248,0
15.74031188222791,-0.7575662303368246,0
9.684245826729612,-3.7998386145605454,0
15.850317146287042,-1.9861062136564085,0
10.719703954496477,1.6543521655487146,0
3.887359775078053,-4.169944637546216,0
8.654713152168378,-1.7194857316228809,1
-1.7407336846194974,1.5247392745560915,1
14.036764631411488,-3.242043599674069,0
13.757905474388572,-3.773387997888939,1
-1.142295263009962,3.3691529037158774,1
-2.212685802818303,1.5702099280392576,1
11.230172299345975,-1.4855578828751337,1
1.9764966667550443,-2.238572709561399,0
10.171204553499713,-1.078227056535284,0
7.1782457963478254,1.664684204132998,1
1.230618344440233,0.47558261754157155,1
-1.6067242589075803,3.9482643633089793,1
14.738273406871691,-1.0330817603489335,0
10.688302135519349,-4.137466561544608,1
-4.816340205814452,-1.0804463301535718,1
-1.5631497100619665,-2.3179462572521836,1
7.7031261798543635,4.089118831068411,1
5.579598687730929,3.3825090802468933,1
-2.561437318445748,-3.3671887819285184,1
11.570720882537321,-3.341268838512579,1
12.417069387636792,-6.128843256550217,0
13.884439999230326,-4.107883787296055,0
12.169549484348156,1.7374929871877887,1
-1.6250362335409285,-6.879191804812898,1
11.719435396722472,-1.5529835437716195,0
2.666925029140637,3.6409491139235657,1
4.183792799043297,-5.012711854076224,0
3.339671570879398,1.0740685938819672,1
4.040307620214127,-0.19925884434005797,0
15.331178678492522,-0.8355770614723985,1
2.9779632187706313,-9.037531539548471,0
-0.5234073581273322,0.47328618894761176,0
4.728897396762251,-0.5312770821937348,1
9.798296094531999,-6.377608786182713,1
5.279975272138292,2.0734194511667314,1
-4.129403493880025,-6.148832313115623,0
10.029295898105815,0.9772902905160801,0
5.204192477687089,-4.198735547136912,1
9.593154644271126,-2.3090586774535926,0
5.993819596900728,-6.79083912012435,0
7.9840758042379205,2.349962902725077,1
9.559144424095585,1.9216672475967285,0
13.748962212178363,1.88690135635151,1
14.18215819139658,-3.5705085081327743,0
6.063126178368051,4.045157817438566,1
5.42542136506965,0.022177276109053387,0
9.384891736517686,-0.8545577567760639,1
11.426913318932147,-1.5273484296301694,1
13.341059881441371,-0.2362194048817363,1
-3.872794180681465,3.0404199425404217,1
-3.3875801509826218,1.6695190251087386,0
-8.820537573896917,-5.155670604922205,1
6.900341102317108,-0.5535954692554919,0
2.9349283244016555,0.16001862573896988,1
-6.45270098481172,1.0871987618318995,1
11.42712262956615,1.1732146787657316,1
8.809421082605098,-2.987437091506266,0
-5.381225438766912,2.2104207007881906,1
-2.813439308170534,-6.161470664453764,0
2.492541371247236,-4.9731112367926285,0
9.147093281936797,-1.9633089718957766,1
0.6663473042172019,-0.4121417431113809,0
0.7717544237349145,-0.572008857837243,1
6.902254676492405,-5.729566979158961,0
1.8981012771276462,-0.16859262705919223,0
2.285192085426829,-4.962566974400492,1
-2.3573443512680186,4.287105734321746,1
5.184651828594095,-2.059572296112392,0
0.4248920185786156,-0.11199790976424025,1
1.0416582488748987,-1.4601560850930717,0
5.678490518958367,-0.9687691007595564,1
3.7391243821759867,-2.5147203079379414,0
4.544261500452644,0.46060451270598124,1
8.79423727784692,-1.687457308684454,1
-1.8367918933651652,1.3328596711107124,1
4.026239879590409,-1.4299211918096535,1
1.0908865200870659,-0.07449133221871661,0
1.0863371394017216,1.6115322724054142,0
-2.742233967497292,1.3259875413063573,1
5.388748206636103,2.422085682268142,0
10.173385829387092,1.144184381447751,1
-2.786319236490945,7.010720096990462,1
-0.4544600364240907,-0.8516045490646919,1
4.471612703636102,1.6112799232224295,1
12.078547260250742,-2.6577908910745753,1
10.607442691099603,-4.938286242096469,0
9.798244466758392,-0.9742217901722151,1
4.826634927402527,0.6312521272879341,1
4.5203473048574665,3.1821413698964696,0
-0.36421384935900514,4.46893580635538,1
9.327424050391528,3.2460799350885545,1
5.30448539010516,-4.329329341277892,0
9.287665348210385,3.411984619296411,0
10.857370799869855,1.4335490628376435,0
8.317326832000138,-8.637998416552128,0
-1.1988417518757826,-2.3896120415317625,0
7.71651343835804,-1.72499339411334,1
1.576978058119892,-1.0151615066470983,1
3.6407764725881275,-5.141430741709223,0
-0.6559091374273925,1.2628483194258806,0
1.0768348218388972,4.95310252941734,1
12.10162164386683,0.15038096333529072,1
11.372363842023734,-2.950211255750632,1
2.5832031314681734,4.0192507773271,1
1.7269003994161054,-2.421121661822084,1
4.675287486403501,-0.20189898317679902,0
-0.3285208921851549,4.573607379937916,1
1.295886407319892,-10.86127481913285,1
12.446168535534172,-1.9131573745917834,0
1.8317878954902045,2.608091118323293,1
7.206009744874663,-1.402421516295794,1
8.39078665334642,2.024896419161835,0
-0.8729173944496933,-7.248145285314342,1
-0.8621365899707206,4.539008185885199,1
-2.1793212403315225,-6.971072231408347,1
9.892684429535398,-7.701988083231119,0
-0.10766771660745161,3.624734662371682,1
-0.5325116007091437,1.5515581601424733,1
7.74012246059151,1.5510305321200204,1
7.556863215996652,-3.937444270275099,1
11.490944907178134,-6.427573192232999,0
7.842983906205789,-1.066640601742114,0
6.100680623475466,-1.3417665343606324,1
-3.360047275876715,-1.9179610713194923,0
4.98283379533673,-3.7165530285176485,0
6.055559508421566,2.3767783043090485,1
-3.893559337028058,-1.6040025465669152,0
-9.402570515768987,-6.425038540171148,1
-4.210776380036278,-6.5058017542027,0
-3.3167749306748218,-3.141311553343355,0
0.4578147889735477,-1.6156662775424717,1
0.060013010841742126,-3.418862075631335,1
1.3725449301153327,2.423066543091517,1
7.117167303248201,2.9718812294556716,0
-3.2995999967112564,-0.041582535509185184,0
7.651297614616004,0.2066433077700648,0
-3.8124431112500994,-7.5113691889608845,0
4.108230952503826,5.388361025266303,1
7.866629408421962,1.2704186451437778,0
-0.3180950207843347,-3.9881336210936524,0
4.490642665200647,4.033869904984127,0
-2.1117380245604225,2.382044705341593,0
9.1399635215345,1.63356927145442,1
-1.3403621625584172,1.9903165902302984,1
0.21494990372610326,4.188584476137419,1
1.1121073195169744,2.8319107395145005,0
-1.4189215553850543,4.35091689904696,1
8.2290070535235,0.5436542350018702,1
3.290931326447164,1.8941560691565484,1
0.6861943756124501,-0.08503341993163285,1
-0.3037020857745732,-6.014861796026945,0
-8.095576871952236,-3.015522750796753,1
0.5918705540523603,1.196039961493641,1
5.283665896257035,3.517458980694898,1
4.0506966883594995,1.518961396640088,0
12.671030008607662,2.2427565181338616,1
1.0661858928469459,4.208963986714937,1
-0.5254571901900039,1.6994554522068792,0
-7.600758730772911,-2.9203576283356467,1
6.344669444289999,-0.9705215589658063,0
6.2991165172084695,3.3674610389086617,1
4.669673502598004,4.552884757135214,0
1.2851092176228365,1.7433057137115566,1
3.7611568486977793,-8.436866285549263,0
0.0302902610923953,-3.245181816165741,0
-1.8211761115997898,-1.771729506129653,0
4.1453924112931375,-0.6963329846215585,1
9.436096444392357,-1.4931502119668758,0
-2.322562500825301,-1.8074084773266972,1
-0.25683652674985047,-3.8415983587726386,0
2.5771843463813293,-0.6306797813712824,0
-3.924403034227124,-0.9008398899888203,1
-7.74485793057784,-5.803267715093903,1
-3.421803796626077,0.9851026882573776,1
1.68728715447962,1.8864271510041482,0
8.820373678370903,-0.44379806177481534,1
0.7432458751954757,3.760845213549371,1
-2.2384724144418793,1.0344578199118912,1
0.690790135736204,2.266213590612982,1
2.7531648647342934,0.9975343099942019,0
-2.2906890681578767,2.4326473472357657,1
-3.405578188812275,1.9817401067143312,0
-0.41129414390873925,-6.227100599015473,1
-4.782517045289098,3.4027313401197015,1
4.1921021918310695,-0.6776484316008103,1
-1.776868351530826,3.3055765150082514,1
-2.072446998156315,-2.821890788965786,0
-9.677788365084462,-4.301478572237289,1
-2.0170506157204344,6.2113044410234135,0
4.986745189835753,-2.769465900204976,1
4.023714325838364,1.7527775969396497,1
6.415174583370023,1.5145306599056962,1
10.668297160828276,-7.0479500886512305,1
0.6606296540247542,-1.09061418900315,0
0.806378478580945,0.39456094002126574,1
-2.1365085535673574,-5.130769020668585,0
-0.28127914593339215,0.3830590192351301,0
1.7499030418747996,5.658961636768712,1
-9.607158619120243,-4.955238148039618,1
-2.177313735752082,-2.677588304550121,1
0.24950818804024585,0.1407366714604136,1
6.014412131682516,-4.389945765852332,0
0.9586909119848055,0.4554920865893814,1
-5.241013193584338,-0.8199522564925896,0
-1.5817992767127484,0.9126455487389745,1
-6.901162999254434,-2.9644485301856456,1
0.5481616907915156,0.8729621681277681,0
3.702224189293498,1.144708844399424,0
2.824140604270229,3.2982611256876146,1
4.058266121729818,-3.3075236250770668,1
2.077320463842441,-2.4287737595515,0
0.9665071238755005,2.9575509356905,0
0.8544467245928696,4.161337791448349,0
8.516015944728629,1.2390959981823748,0
7.325632552712019,0.1283131644648659,1
3.911759566635151,0.3061221453702806,0
2.463704997217021,-0.8527464356297721,1
5.8954430238164965,4.298038774827567,0
-7.396003799974448,-1.942992187327232,1
-3.2128786029175425,1.4312239454179154,1
-1.9240155548480398,4.271910047505553,1
-8.631570615354317,-6.697649465361103,1
-4.295906828133816,-1.7142039496437955,0
3.157571871084733,4.756841000671428,1
-5.023700468102686,0.9786597348830549,1
-6.078359937410554,-0.695341908256364,1
-1.1323567871141065,1.9349558409084724,1
0.012634297840095928,3.227343486196132,1
1.3877744027615906,0.032080969569615266,0
-2.1325690570024083,-0.18197961150926123,1
-0.3991159216920325,1.5076449410050536,0
2.7427722462202024,-0.33859598679362174,1
0.30744670329976226,1.8119553433990825,0
1.2630936045793153,5.834853207751922,1
3.316986007972075,2.9308665855815224,0
-2.9953600846703745,-1.2398726156107467,0
-0.9772135410725367,-5.417933171057794,0
5.182481796311051,-0.7933791593487175,0
-0.35327746950013633,5.67704826672524,1
-6.08197746505709,-2.938803549974145,0
6.655464098026814,3.664795136721487,1
2.298425734022772,4.8838472195754825,1
-6.784988575615266,-0.6764599564474361,1
-2.128141222363902,6.268505728357879,1
0.26394849026840944,4.654069198317697,1
5.409608192944125,-3.9678495501035402,0
-1.9840153227609068,3.855719442096844,1
-2.284753096059862,6.3002378763528215,1
7.158273166814742,-0.15157189562891824,1
0.40954278676930844,5.6978251859900295,1
-2.1869195404263992,3.3739826397210115,0
3.2342395973602978,4.875352094935967,0
-3.9780017208455547,3.7174300116132155,1
-4.108024507238109,-3.5445010867879634,1
-2.3282649307633174,3.1642048146770345,1
-4.337984261010421,0.9404661452958472,0
-1.1979179303380567,4.077329269702438,1
0.023075140806996,4.7689710849799125,1
1.7029980587030895,4.141050366164664,1
-1.2754680697929985,0.5397480956598651,0
4.588148686344867,0.10538303409704691,0
-0.6802880913059621,-1.045747296117414,0
0.7823162741873607,-0.8968512300009247,0
-1.3540696120659883,5.523911086415585,1
-4.494197064455979,3.735136247325255,1
-3.983684677616177,-0.16188519700011722,1
-0.44088650931763584,-3.3547666333578037,0
-2.515938309717213,6.280746220173386,1
-2.840423602505685,-0.4168411815683732,1
-0.3595885466516171,1.399330865320766,1
-0.15131330938230378,3.9663142442941384,1
-2.489618324497154,3.2572899075903754,1
-1.8699076588547072,3.5503192683104863,1
-1.8350583203917998,2.9500859296673334,0
0.4399350887735011,-0.33071788689331366,0
0.3371773548758187,3.6241491387371183,1
-9.056348012735828,-7.2413424213372055,0
-3.085323408377882,3.88659870436406,1
3.297781208317131,5.898090626159141,1
1.0745068804824962,4.20096482893923,1
-2.780430203113287,3.1750350222725943,1
-0.16897745543266954,1.3865707020985143,0
4.19339805744959,7.031729628988249,1
-3.7520574860798366,4.599749299541899,1
-3.933317647171919,4.73467507101719,1
0.05070428607294216,4.332499179336099,0
1.5143047239661347,2.413715545512525,0
0.9627649136436706,-0.7465024301349246,1
0.4979920962487245,2.4504537766918486,0
7.179277586332939,-6.274969869481901,0
0.8323114233277977,-5.868741599643579,0
-4.241620613558708,-0.44427258465678077,0
-1.05008348775838,3.7926736278538864,1
0.45810999980990036,2.459180625283347,1
3.2741837398407805,2.6797485591635355,1
5.142978421681476,-6.135839431567396,0
1.4005462022444028,1.5433243133292853,0
4.533281693930212,1.5566756293163209,0
2.9659453955744097,0.013176097363801216,1
-4.189476722988146,1.7462437162520323,1
-1.1717186249039595,2.433815216008362,1
1.5684359677603206,3.1022721482514406,1
-10.282014768206812,-6.383824893404179,1
2.33922013250864,-0.10947606578703402,0
-2.2017621210416825,3.2305663505874818,1
-2.4712198454087067,0.9240212464829194,1
-3.7602143859112096,1.2203404830710245,1
-14.277667117614735,-13.359852178886698,2
-1.688866817887968,4.705172940752672,1
2.075550594729524,0.3260667674522129,0
-1.218694189872425,7.236813218032886,1
-9.34450878021436,-2.6349849826752867,1
-1.7482427377670624,1.1585651731298734,1
1.6007719702883365,1.5120164394228244,1
-4.385626584508934,-2.6463452386573394,1
-3.7533204399133595,5.111311725159968,1
-3.036357421776696,5.251338965583782,1
0.5130020232501183,4.128243722684971,1
-0.47512746084286284,4.476792538965142,1
0.019488110911021185,2.8780173951878205,1
-7.3297447487203335,-0.5975128209286416,1
-0.8966269448284604,-3.267749606817098,1
-3.765597124743332,-0.13998367453459062,0
-2.7910073053458055,3.427361518300861,1
-5.342276351494925,0.8545373460669227,1
-2.1925963068427072,5.081638708255094,1
0.670530192129657,3.5228648794742146,0
1.1140691479054219,-6.1108578589684495,0
2.1699335456105753,2.5938776411030737,1
-0.6513408216494452,6.570133892864063,1
-3.35909970689894,4.272247431260674,1
9.71366338504769,-6.663934001549235,0
-3.240638453524672,0.4459068324454861,0
-4.874673615462997,-4.775688210036214,0
-2.0599249963983133,4.466541163571727,1
-6.099576977087594,-1.9658673873693961,1
-5.5464334727984745,-1.2163369910209372,1
2.77329881538696,-3.74780800965064,1
2.383493058085182,2.6744129344522873,1
-9.306978781158248,-6.761579740493496,1
-2.598618292928992,1.867830770521273,1
-4.835377013783344,-4.144253103102164,0
3.165604166280331,-8.663413882747358,0
-5.072836558543467,1.0605289016140902,1
-3.930843678573234,4.650706177693585,1
-1.6977004551583101,1.1035239541111823,0
-1.037267598987349,1.7839684620560579,1
-4.25179517247396,2.8811459184843335,1
-5.864928144335432,-1.354249083387929,1
-0.9780686314676486,4.288755142975885,1
-2.159209465148173,2.129016100193323,1
-2.1197002715975533,-4.398667058632874,1
-1.212439945742113,0.6027877386681768,0
-5.505801254629643,-0.06467183488336843,1
-2.864137955421688,2.606457274987506,1
-1.2552153626274252,3.5480031548753863,1
-0.9078165904467292,0.46291926115107035,0
-0.11728524030418143,3.0632588489595833,1
-8.504992190251853,-3.7306512438381216,1
-4.280240634720268,0.9581642020868265,0
-7.012162402689484,0.6812821666554502,1
-10.089529040172888,-5.791542199945837,1
0.15968144990017383,2.167231496457543,0
-1.8036893526533329,-1.6622880335104744,1
6.019402844423553,-1.6444367074189041,1
-3.3592393284692887,-1.6655214074564377,1
-2.7281777799028313,4.070126549124056,1
-9.41014057441565,-4.205599203070983,1
-4.028876495477728,5.040718038518812,1
-3.5088885910954875,2.1706515327368643,1
-4.381359865605898,2.2189642031370487,1
-3.4532396868974944,0.6972772139999641,0
-2.6122094265119546,-0.6926939934769012,0
-5.8179166248594285,-0.1675896395667926,0
-4.725219159748768,-0.7933186483183902,1
-6.020657198508214,-0.2946843101465806,1
-1.029400409112639,5.0676162742353785,1
-6.543297251770863,-1.4050467728209952,1
-6.808120856099362,-0.5502359281259974,1
-0.36686556325895076,3.9299608574772797,1
-7.578387848620393,-3.1369015233452315,1
-5.581439126576458,0.8900554835534068,1
-6.185015257957791,0.6664937111246265,1
2.2958122678660113,0.3913939342994064,0
-2.351372152365297,4.580862885627002,1
-1.0781843203218688,-0.9215731859153199,1
-6.987664481436028,-0.3867795565079923,1
-8.958257399388446,-3.488799095721497,1
7.433959842594592,-4.862605514525175,0
8.359619506110203,3.4863641652114237,1
-1.0762967575148892,-0.9450902563983874,0
-7.834058660381573,-1.2882254825191835,1
-5.735895662631782,3.2733618435252763,1
7.216555005378579,-3.6160453430215798,1
-3.76051189200204,3.933219285721411,1
-7.492350715024588,-4.581203325901487,1
-5.960076219472352,-4.820041756153715,0
-4.918567503930983,-1.5476374600764542,0
-5.605053429215332,1.1606557789724492,1
-8.729672529572344,-4.040987958391106,1
-2.416561826860685,2.084973563678508,0
-4.695976292932677,1.4389504323997029,1
-9.33241620197284,-5.132614626585382,1
-6.7129194873994384,-2.6177790907365375,1
-5.675774764740313,0.03304315697600267,1
-9.058307040876935,-3.32633555188088,1
-8.674645859105564,-4.265905215995304,1
-4.939081898467582,3.785043271542001,1
-3.528872343870975,4.143429789021146,1
1.638864096789539,-2.6531389548146525,0
-9.907748476132566,-6.85561309521907,1
-4.544947833927057,4.963872633798042,1
1.041259604476244,2.4177870662730987,0
-5.664202460639695,0.9432664216495636,1
-3.8749243460277336,5.088426032508284,1
-7.6916629329644906,-5.462103837010279,1
-2.9360718830099732,-2.3552841114447647,1
-3.2937412550449547,1.1997580260773553,1
-0.5559063301110081,2.1270067240451316,0
3.3213244238699855,-1.6805981364337723,1
-5.327470033345483,3.2786882121422734,1
-2.3866743984906202,3.719311310504754,1
-7.432068015400776,-3.7062712101865602,0
-7.99750555998137,-1.8169638039641989,1
-10.742224826994809,-5.341137018460659,1
-7.636513853418046,-0.2542630668164385,1
-0.7274005623277715,-0.4717130637872223,1
-4.29496347956368,6.081321438958347,1
-5.930400345849924,0.7991185428909682,1
-10.815500052442541,-5.666713339002395,1
-1.8806589155195361,1.05214000198076,1
-8.033419979602975,-0.5370503033436007,1
-2.159491353191788,8.193014013198606,1
-6.168819830135958,-0.3607780346495183,0
-3.5496250460134275,2.3165875538015896,1
-6.447583015817166,-1.7157143365053547,1
-3.508961546123437,2.2297941051243257,1
-0.6768244791113601,3.4695466491047613,0
-6.838163616438722,-5.138133057588069,0
-2.9845112337577855,3.0660593301355883,1
-3.4712682213203907,6.961714655991008,1
-3.2932971962514275,2.7352364771479736,1
-6.202613744761548,2.973879779244315,1
-4.180043231455156,4.947820038679337,1
7.719601780122284,-2.961119403770635,1
0.15294749509020755,4.579107554496003,1
-5.34693485034742,0.8727175330274303,1
-5.483426794885442,2.3510256877171942,1
-7.375161321306539,-4.135406763835789,0
-6.582409393815173,-1.6160794930169244,1
-6.255941404648715,-3.554321895788386,1
-4.447468074614521,3.6102464580841787,1
0.138980226306362,-3.8340730309322213,0
8.018147823911642,1.564031877454716,0
1.3242045729959901,-0.4054033123517665,0
-0.3957806230368191,6.391699704833505,0
11.605399364721164,-2.1469141938083256,0
7.376167874171856,-1.0195064306668815,0
-0.16327079831418373,-4.0488563262430635,0
7.838542685421164,-0.021786924428632448,0
6.671582507875231,-0.1611424934419121,0
-0.43245257830223566,-2.0939549971684177,0
-6.446466261502651,-1.4701299971780888,1
4.261347693173021,3.6881513638212304,0
1.488325066842813,-0.6500080930384255,0
1.84242262058834,-0.9878053405734053,0
5.381247668686077,3.508161259372181,0
0.8468547344320246,5.092390230262067,0
5.303366580529113,-1.319966820241237,0
0.21743905808369896,1.5322789065308078,0
2.0344398951035902,4.246157931869079,0
0.18973041442825622,1.5601535944238998,0
-4.8513672668974,-0.8637515157852775,1
0.7634542365769124,-1.0543373969447258,0
-1.4592385275595328,0.02336016894643399,0
-2.6599007969047483,-3.5526837300769745,1
6.770200676714392,0.3515495597235462,1
-0.4237663842204083,2.5899583845836407,0
0.2772496000987921,3.008424639033353,0
3.3450279389654347,0.7222341344755603,0
-2.7260680437680227,-2.3417514172634357,0
-2.548042507154259,0.509571960768366,0
6.833407652072936,-3.5974326516674173,0
-1.765794783880643,1.1012736540815908,0
-1.3279314521149246,-3.97198888335765,0
-3.9682857281728627,-1.2542876439062,0
0.8206823959559627,4.146234102453686,0
4.508014875240958,1.4416654020283446,0
5.088429931572908,0.4281046103109387,0
1.8971054194162476,-2.8186493231585112,0
7.315451703062651,-0.3807735317152188,0
-0.7073815491498511,1.8831877762007865,0
11.509960940507675,2.3821894379993176,0
11.67256351684248,-2.536545227302544,0
1.6560412339255872,3.149030364515348,0
1.7142074794758633,-0.3273183002384365,0
1.5871813477821857,1.2222426329423384,0
6.360340885318214,3.975412955841829,0
6.171912564627685,1.2069189349621605,0
-0.15007371064729755,-0.6338799409183067,0
0.09152017620419353,-0.290735947041817,0
7.769849676060314,1.389491055748693,0
9.485912021129813,1.3030165989468558,0
3.39806898420549,1.2854982715516294,0
-0.05326878750394626,2.2931943939681547,0
0.2799658903871344,0.8776801813425834,0
1.0410433308382259,2.7257956972769284,0
1.206368382280836,0.4155817067792878,0
2.239718051481573,2.6818324427129867,1
-0.7724266300327763,0.10755437534639446,1
-0.7810597332973584,5.867120340337051,0
-1.5751208177101892,1.641668281707792,0
-1.543851949698878,0.04841321689764135,0
4.0325599837835115,4.501480871606859,0
0.28507230010895995,-0.2695310488709447,0
-0.10066069108368023,3.2460199570179573,0
1.2789511984323996,2.2630218318325577,0
2.3842125242710313,1.5890775321516775,0
0.8346411914298479,1.6559810933370263,1
-0.8110669227570306,-0.10365636752579642,0
0.5468398477577703,2.3636925983600037,1
-0.47680083887409636,1.7871772424368406,0
-1.747149721962035,0.20506514676207876,1
-0.2735896766583389,1.8964371767685664,0
0.43052258543905597,0.33190495388346397,0
-0.21803522410944778,0.9618344640048984,1
3.6117915769233155,-1.005121158402674,0
2.4371966769081723,4.067835074384941,0
3.5492426659014105,2.3720040306978016,0
7.615514451453855,3.328915167689431,0
-3.7604192031032375,1.5607859774945951,1
3.9714253595292788,1.6932883648651003,0
-0.4455050250199336,2.1878577913916413,0
-0.39085104710438057,2.254970385403271,0
4.648935426314465,-0.16165338605417953,0
2.9174596912379753,2.480686970645619,0
2.901518954109993,5.213723257119965,0
5.32087649342936,3.041385899842743,0
0.6281388291328807,1.590525347144823,1
5.708848969809646,3.7746371486645813,1
0.3527406691582395,-4.544656297047335,0
4.188419173078683,-0.6640753459374696,0
10.443034892272276,-1.7301255322453084,0
-2.97359007519897,-0.3586031069817281,0
2.0783477081805497,-0.419494835175056,0
-3.7770472617592317,-2.35317878862852,0
1.0114904514026948,-1.5727321538634726,1
-1.6537600170506144,-1.4752457856487067,0
1.9711399997422439,0.46403053709284714,0
-1.4971909435925908,0.649121805433283,0
2.181846127586152,2.5690775053328063,0
-3.9147469239696258,1.1393562694293873,1
-3.721966092633656,-0.0538326132409278,1
2.056272154906328,1.1060837737855918,0
-3.0127651311733783,0.4258640638570261,0
3.029109327539797,3.0692256556993907,0
-3.836648375156707,1.0045030131610118,1
8.318810403634599,6.018803987683886,0
1.3035677211466636,1.7574777125900416,0
-0.42079779549652657,0.1958098905240447,0
-0.48137077055291055,3.0191932608664054,0
10.179554350689774,2.2517744355969977,1
7.404077605901386,7.2159332826170735,1
-0.6601001837641337,2.5488595350942225,0
-2.1897723918906626,-0.4822548855505837,0
0.0717242396224664,2.6011497374598775,0
3.714731062711236,2.1629575824181533,0
-2.1141309700735227,3.292287280732194,0
4.592278356735679,0.9157232538325649,0
-0.06363617545228595,1.3288390729042174,0
6.022487753913408,0.9859551838978424,0
1.2043080601374812,-0.41224019528460226,0
-0.9473018560155984,4.136343508561654,0
-5.46891988485522,-4.772404463322235,1
-5.554946527486201,2.9498903950181266,1
-0.6141693674978924,1.1342849669706077,0
-2.8873854567052177,-1.0695564871554604,0
-2.636917652392872,1.9837101211946395,0
-1.253385315995349,2.401002604904529,0
-1.3602108871866359,1.9978141988724625,0
-3.502518509986534,-0.013043040284488232,0
-3.5383355494101085,-3.006987599669579,0
-2.5522582683465864,2.5887732053218055,0
0.08898132683544084,7.163894025591177,0
2.6978586225959713,4.081358796597696,0
-3.964058041056017,3.100364268563169,1
4.0547363833893995,0.8154049238897354,0
-2.2846175899873162,3.1931572624397035,0
0.9395229288659765,3.0433953375769907,0
2.549962191778654,2.609712563988015,0
-1.1122722215090963,-3.5556846052089552,0
-0.19296917222819487,2.0481340807817774,0
-0.004120923354972132,2.3346810425337363,0
2.5940935731185455,1.6287436097578325,0
-2.5506014169883295,2.671349212024583,1
5.404842578072874,3.763819617889592,0
-1.7997938489160943,-0.6084239019777715,0
-0.42794017209319013,5.828199804576418,1
2.732019820568268,3.303675847407727,0
-2.2324174684818465,2.8599636421957664,0
8.44480312379868,-0.523689912416617,0
-4.681099822866109,-1.7668322333234348,0
-4.878749631667911,-2.2042548839235687,0
-1.1811324742134055,2.953943424459179,0
2.0335636854359063,-0.04276519612154679,0
-1.130723439715442,-2.830444031648714,0
-1.7492365097071485,-0.2949152576030227,0
0.2150551865645293,0.8796980079678342,0
-0.9536280879767626,4.559841275855597,0
-1.7198452722830526,7.028725035656265,1
2.680533370209499,9.253674167452568,1
-4.343238081994794,4.044235856240165,1
-4.440048231572971,1.9241801652969674,0
-4.721914193690401,-1.9732775617481226,1
-8.396533969974266,-4.735952739450425,1
-0.3084976323231468,6.055132037162368,0
2.209206661468327,8.468484952787934,1
2.4112450050230163,5.395576721670145,0
-2.275546863483715,4.8718654488530575,1
0.9055172778147317,4.1375351807302225,0
-5.166055325171927,-4.081554956532624,0
-2.419605187223318,4.528930648038295,1
-3.079881075436843,3.6111146835337555,0
-1.7435179565612255,1.2503161319635079,0
-2.833068790095994,3.6537195170682293,1
-4.117627906000256,-0.5590515461897099,0
-4.052492788896816,-2.3655635962913113,0
-0.7408198640233599,5.846176359248354,0
1.743766563968794,7.360978661649711,0
-2.8941511954996293,2.980377410194623,0
-3.8109235233730536,0.2774812191063751,0
-1.7924606502631728,4.217540476126981,0
0.029511782888972538,8.447700206527182,0
-0.6124730553881732,6.181053630318899,1
-4.280444703921427,2.817086585003383,1
-4.25048576394782,1.7094908635839277,1
-6.80499170279365,-5.094282700827892,0
-5.593151540632408,1.0654977434312027,0
2.0370734663724153,1.8881300472591718,1
-3.464351134085053,-1.1347804368419097,0
-4.325458872253706,0.36962855375194686,0
-3.88463480938999,2.110691371178471,0
-2.7212475129576745,3.1337846724675282,0
-4.7218749163872955,0.16127205234701367,0
2.259113229753887,3.8581975621118914,0
-0.4413429999179248,10.276124151411315,1
-4.355551161039222,1.314449725666062,1
3.3127393927778956,4.373436448903518,0
-0.8456947965260798,1.5996571270239432,1
-2.010201573679687,1.601761642040733,1
1.0749534522164084,5.418807605791026,0
-1.2191724247054658,3.080955324163902,0
-2.7546981723762283,1.068624080230264,1
-4.077771127872072,3.1817989158485434,1
-2.31362783827538,1.9609729291748672,0
-4.942014000604705,-2.8839684025786223,0
-6.559078336257108,-3.371203156553503,0
-3.687087869020008,7.7561974393816175,1
-6.081944570772254,-4.899496726665177,0
-0.016982842618644273,0.6478026861326528,0
-1.8168942984814476,0.4140360788416007,1
-4.373969839162265,1.7799679242534963,1
-3.0742190278827106,3.3942706932848847,1
-5.074724503301343,1.9551443807082167,1
-5.165913720821319,-2.7134966923348913,0
-5.0486013270773595,-2.3462362526980796,1
-3.7920508808151308,3.533913531091202,1
-3.4136140523245238,3.8148173950719935,1
-2.1842299515176693,2.7558510291697003,1
-1.9789134644202744,1.604423990801034,1
-3.0535438275972693,3.2682340536234205,0
-1.8171613130526454,0.41211500556389846,1
-7.999553685638638,-3.9448664349860945,0
-2.6495846661474416,5.65782676530868,1
-3.2874185457344915,2.609315370396839,1
-5.989261331457424,-3.254560169263119,0
12.761518009963044,-5.727879153475822,1
8.034296972102327,-10.432277852574819,0
14.503676044296968,-6.769022729145749,0
13.285472968092732,-5.407254022809123,0
5.695790032978618,-2.1421816310496617,1
10.565804662543774,-9.095415486335845,0
13.552104690926717,-1.5219236650969385,0
12.95709873312023,-5.265752427485785,0
4.855721890500423,-4.456681007532912,1
9.415176478926767,-8.00190261081236,0
8.802414426224004,-3.635979014693128,1
-6.484443909971536,-6.598092360266956,0
14.472357849729578,-4.047192129273434,0
-4.749029682391064,-3.0555480404451045,1
7.109438194244783,-7.307932753996532,0
10.048107883993127,-4.606044089578854,1
-6.7675590669986985,-2.2162671534116902,1
4.533806887004843,-3.0127313102764064,1
6.057998803739042,-8.52442191701089,0
13.18648001474047,-2.004706726218078,1
0.07129350373687467,-2.014380183388054,0
-4.2731833691098,0.007542932674886312,1
-5.431206688862049,-4.91269214822055,0
11.271429126193956,-5.462791885288422,1
12.508730063678483,-4.4523245798810605,1
-9.279042435569675,-5.891195192837276,0
-4.826097757394191,1.0252158287251383,1
12.580213897618206,-3.2609619682513604,1
-1.638311029262448,-0.08126195052320086,1
13.91375513691472,-4.4020057578553855,0
-0.6111212100680986,-0.5621554293838578,0
2.5740657300740293,-2.180389743841621,0
12.085274525817606,-5.9799496629207765,0
-2.9480258419240655,-4.363865055228672,0
-4.872656797467455,3.28060785260254,1
7.443679913648208,-2.8959886074612515,1
11.944004407662554,-6.880049393003334,0
-3.6872466537344795,-3.849824557032109,0
5.2177649402509925,-10.046470796787752,1
13.279991954160167,-4.555315818626581,0
-6.354154780984019,-2.1877188246236314,0
-6.474724414834084,-2.861436422223683,0
12.833550490371193,-4.04172571700828,0
13.009890589012642,-5.677570290744708,1
1.5518020790810958,-3.221064788325429,1
10.30523396178912,-2.563235938900842,1
-7.663885514250891,-2.9245864662242202,0
-0.8513155792989208,-0.21229226190104677,1
10.988671059190512,-1.8540904183835034,0
9.553661854176347,-0.81874580279392,1
10.552000523007244,-1.8097711952228037,1
2.2424697418211283,7.433482828697597,1
-1.222312374805364,2.8280751293248323,1
12.374338457745898,-3.6168688080287796,0
-3.374272187866686,3.519083038636435,0
-0.028392368310627105,3.1702558429706404,0
2.296665543441394,4.489141795356594,1
11.857979775094114,-2.6154394306933884,1
3.637526390717878,-9.057783767953476,1
-6.220796152495985,0.11755956528363022,1
-3.4951000721861822,3.7957033003584812,1
-1.3804265953590618,0.1675504977797312,1
11.239029059020417,-6.691964378490752,0
-8.238560799667088,-5.352842798722884,1
0.2893984391079366,5.062065386456478,1
4.599750383559376,-1.5019809363896715,0
0.48322807343802016,-0.9573313565002419,1
12.960708491084363,-4.825624553164026,1
3.5861185026082856,-3.730111173475455,1
8.07061081563754,-4.101056206937387,1
1.3299627392793043,0.15385123308574197,1
8.76172721362018,-5.22098614716123,0
14.32620681132599,-5.454805708343764,0
7.733268613282128,-5.210921848134294,1
-4.614279510346763,1.5549004187971405,1
4.854812497681926,-4.46322375999287,1
-8.54510250441174,-3.8343892176527774,1
-3.095782823719154,-0.13023960566748077,1
2.0856697823640418,-2.707824964291806,0
-2.260083196878399,-0.7012532088069094,1
2.4631513177647504,0.645935826653343,1
4.852120673218865,-1.7267466068914439,1
7.799763475046213,-3.7536898201262057,1
13.395359032498236,-6.2053966074455555,0
15.418495704633827,-2.6832625684253975,1
14.087154412597567,-1.8783309251356481,1
14.9797419759279,-3.075104826800142,1
12.410206752135828,-2.253308114074714,0
16.069901021987047,-2.442991023824415,1
14.835015079903553,-2.076908659178482,1
14.843704845857353,-3.2891622434498404,1
14.04004541409933,-5.260840522765892,1
13.083391910794631,-1.080440791725292,1
14.322992341999928,-4.472513318357331,1
6.357184976076509,-11.188795089039635,1
-3.0770817666492785,4.106763339575042,1
-4.348523042717641,0.6314321546479427,1
4.924159620450776,-11.912576570193393,1
5.286365680859686,1.2394694736051701,1
4.750482901000834,-1.0448705547953412,0
6.516833165154742,-3.995162776778241,1
8.808918098479431,-3.993944526283373,1
6.037100856510529,-11.135115094778621,1
11.045721108220503,-1.6950121621233885,1
15.542804745987203,-1.2028000286961167,1
8.855291162920036,-0.0014375584219175424,0
12.507001407487024,-7.999752766562063,0
14.214823959010046,-4.243696919486653,1
13.004568808151017,-4.550879839783048,1
11.256977699719219,-4.990690306359301,1
10.619833952172206,-6.516828554715947,1
-0.13706261824377236,-5.9980802929057315,1
12.757040408710989,-1.1901811307870713,0
4.684117582293812,1.248697283710761,1
13.759826452138892,-4.825482559809839,0
13.517131254887854,-4.914360787184862,1
-0.1896823113722208,-3.200097486672818,0
13.849651129754355,-5.391033860700879,0
15.068882851715989,-2.747099085903162,1
9.297108246149268,-2.843776710208297,0
10.244803240060627,-0.5264562493730374,0
5.4683651104765785,-4.661913206790788,0
12.649523182523533,-4.557209209037129,0
12.475088845979144,-3.7850001941611215,1
7.619461315698191,-6.676081469858988,0
5.988476751603717,1.3597458793965798,0
11.772550386045292,-3.3417599147303387,0
11.937944677421722,-2.430858688759011,1
7.042644442147211,-6.653167702736976,1
0.862315587208428,-6.558545961848051,0
10.53227187475671,-0.665603332668518,1
0.5833112786244319,2.9914805978904435,1
15.575833430943359,-0.9761760112015977,1
-2.0059601078066174,0.5999096923596268,0
8.227163029547809,-6.7974195112917295,0
13.14548161492819,-6.4738279578462805,1
14.516953414536424,-3.2377727575908537,1
-2.5733439310803536,5.778793725654802,1
10.017841462066423,-3.0479339442773914,1
3.2902022980479173,2.059005081219161,1
11.256578640319816,2.0343412800634346,1
-2.8023904293134616,-9.971028197126545,0
4.4219994416397075,-7.763686681369119,1
13.094606693398468,-1.9994180152774537,1
7.907431311049387,-7.664767624994634,1
10.40526533859161,1.6192613359619183,1
14.544895545255157,-4.480815088208838,1
9.641592025992642,-0.4168661916631795,0
3.0210307104295886,1.70586679739048,1
2.8497473519988104,1.9770066924936454,1
3.530574974890299,1.8201691601170598,0
-4.257589859516895,-5.935117511246784,1
13.451650389817646,-7.210752756646574,0
13.38742206332366,-5.405759303842968,0
2.6800784789309917,-5.000232111289036,1
2.477419579137373,-10.448487601460682,0
-3.2617471568690006,3.5945451862022564,1
3.8189178960726613,-5.5094066726713775,0
4.888725789148962,3.112331637802484,0
9.691635554578637,-3.7329827607510957,1
4.3589104357342565,2.0816943574845115,1
2.9003551085496344,-3.150354695616731,1
12.569404705254962,-6.612748186861059,0
-1.696665135862666,-1.4580697399288376,1
5.789605064219765,-4.42399250001161,1
3.0083670481118707,3.916618762069303,0
11.404293966835738,-5.747796034067063,0
8.39569339754342,-3.383831820158472,1
4.32254820361754,-4.413241734939019,0
1.3353101181088791,-0.37911391153485785,1
-4.724806986398003,3.011169947952437,1
2.823614590903893,5.951449671635247,1
0.4505194390227983,2.7935395625821,1
2.051158186677793,3.3424203635193357,0
4.959467676686877,-5.27589836115333,0
10.973468547939186,-3.2788179599551612,1
11.459206556282094,2.551872414890438,0
9.909692861573358,-5.201789091563649,0
-1.5552441456118762,-10.61119541660351,0
4.51468364735286,1.5903063270315612,1
6.763733387683164,0.1451397081975814,0
2.6173220449846686,0.7111488494667226,1
-5.946627112034485,2.68404352508297,1
3.0117424578190928,-5.666161704290627,0
8.954276028425388,-2.408176469065501,1
12.53282930469158,-3.4961577056529967,1
7.859141726015109,0.06969634164662555,1
8.20009333621367,-1.1346061456652448,0
-3.3448965517995015,2.267198106267028,1
4.540859495008269,-7.414664705690637,0
12.49916650086039,-3.434084261331436,1
7.8000669023469875,-2.9920307151132675,0
-3.9476848383412846,-2.566653820445172,1
13.289697696257468,-5.5420779386541215,1
-2.3607333311858865,-7.437507691179809,0
3.539610585416782,4.739129488970284,0
6.522334116832644,-0.6546135520464718,1
-3.2845967902992577,2.565781832245267,1
1.055877377573093,-4.745059464326365,0
4.654171201633191,-3.0809358362475394,0
2.566334053627197,2.165241076766567,0
-0.782035604381434,4.316244440717416,1
14.051964933584216,-5.188455246747078,1
5.360724623744555,0.47844256509904104,1
9.229400177740366,-1.6232477172406923,1
-0.8090357982031356,-1.4344464184639412,0
7.602111538251885,-4.917358312933285,1
7.089428621779125,-4.128984791344843,1
-0.2108874090203254,1.5764003250367555,1
1.9854981887466394,-7.823978996764132,0
-3.4502806566711346,1.4739526824452207,1
-1.3497793624423615,5.198078001009202,1
-1.375399524254288,4.19341113508462,1
14.129502656210386,-4.690381840076205,1
10.91277366607246,-2.0307974188427096,1
12.20018272573077,-6.276449341558685,1
-0.5363385703177103,1.0950579835103362,1
-3.3654906345347295,5.161736218635407,1
-8.430535198831413,-1.0510965051166739,1
0.9627712786692765,2.4001988024889362,1
6.6913747452348975,-0.6074588635017872,1
-3.4925088723959115,-0.8831972398086914,1
5.704686183635741,5.769061887955422,0
6.2802202830790534,0.6583567802139334,0
-3.1771977084619327,2.5342228993729554,1
-0.07357031215682615,0.7247956640548191,1
1.913788658184055,-3.37970891765038,0
0.3315614809060446,-3.58841092647871,0
-3.6358470542427304,7.071547106736441,1
13.049921758334545,-4.102730983370109,0
-7.68124125137023,-5.14084642641434,1
-4.716390227318218,-3.967227387070669,0
1.080592579612422,0.4710451128168444,1
-2.8659655210952577,3.3025070871114037,1
-3.5828688660267143,2.4353394394212917,1
-3.3891224703958978,3.1726423305636042,1
-0.944031470512555,-1.6616119861568435,0
-10.391751199659106,-7.25901124451778,1
-5.896386912669748,-6.510070048897279,0
-3.5436261302116225,2.453558405764166,1
-8.105951038218494,-5.475821426650328,1
-1.9129189473956463,5.9233095287155955,1
-3.5322400607339053,2.406399606251245,1
-4.933233400164759,-4.745025302821556,0
0.9877141417771373,-1.572592708698607,0
4.801812531624184,-0.3508323253791136,1
-0.3287240902005297,-8.105945042456042,1
-1.7540270430390468,-4.984097808441804,0
14.874178817853368,-1.6140190528050402,1
-1.024806816872073,-5.6211715118721575,1
1.1669009669803672,0.4401856055094342,0
4.123144940384484,-2.3252728713956996,1
-6.529887647586073,-3.77072627670226,1
-5.436641479835617,0.5293216051835072,1
5.253212248691536,-3.7737974556522547,1
-3.9412343757717334,1.8119438526698968,1
-8.462834424988278,-5.599010036747149,1
-3.6951029115755314,2.517370340339325,1
-0.16763818130161803,-3.6642274720960657,0
-1.327991395874331,1.9532516023254078,0
-1.55520168551002,5.574698628787058,1
2.6224920703054133,5.286035041227357,0
0.21413756728773783,-3.144438822188719,1
-1.8944472493357913,1.2169659381267437,1
-1.1852602795311191,-1.7289297275479176,0
-2.0246219984970892,-1.594037758440938,0
1.1897824353145838,4.117005370193724,0
6.7631486126495375,0.07907313755065813,1
-2.2020589303855758,3.322435010144252,1
-6.130498317674735,-0.8336941746575554,0
-7.9264176740525,-2.457045253107454,1
-4.821856650822587,-0.0688763403621494,0
-2.522355158373873,0.1727620021172337,1
-4.610885461757332,3.9314018760667104,1
-3.5032462566786124,2.68986282040042,1
-6.708490679567516,-0.03074841437852005,1
-0.2837812251716402,2.4478634189571293,1
-8.693133382585623,-3.8352442092106216,1
-4.665168378829353,5.257821593152661,1
-1.2203976564333243,5.382629054316359,0
3.969277841191268,0.4840201034409744,0
-8.789758730495278,-6.622335624587234,1
2.9833432512544107,-4.059356451824588,1
-3.6737474245883526,1.7463580308428648,1
-4.601729302528471,2.5847542836692914,1
-3.7565594603352386,2.7011330273662306,1
-2.2508299848790356,8.544320515399976,1
-3.863471398117202,2.501319275129425,1
-4.101480434539906,0.18787699688325407,0
-8.44939628706151,-5.925243796065578,1
-9.41887762695555,-4.815387847385833,1
-0.9514221392214296,0.9267589928126584,0
-2.9631789237882136,7.765674508686605,1
-2.7349454241344353,0.8898066859776882,0
-3.7233887864331314,3.1071244774512436,1
1.7419085630926827,6.460777899533861,0
-5.698329435166131,-0.3760557465881221,1
-5.948476262646946,-4.105099358579363,0
-3.4812021593976183,2.8744565309719454,1
-3.2900916512116614,2.450387954744224,1
-3.4681813486137485,2.4395829379303344,1
-3.459696364715837,2.5955543712817595,1
-6.049429497073342,-0.6550788405219583,1
-7.995438386907003,-3.874125072429871,1
7.165881133275417,-1.0219960706246312,0
8.998198267980268,3.7320671675044474,0
7.7527640131499735,0.9821649250336932,1
8.785974748739656,-1.065857527419199,0
6.977802621390895,-2.564614132935419,0
10.708661340633933,1.9368024532768104,0
7.95871587399497,2.5433540096803853,1
11.558252617450968,1.6201116232797894,0
13.297431340558777,3.7698646050755307,1
6.570862199873721,2.1148039882502667,1
5.904960458741344,1.6220937109445486,1
7.445107985960862,2.4063690559468496,0
5.572184080868658,4.328299469713859,1
0.38177193827001055,2.2425286689927715,1
3.7304637834078327,-2.0614383918252215,1
8.80365313490143,-1.9776623892072076,1
7.789802358089249,1.518975763232096,1
5.600674871229096,0.2547904144714291,1
9.826833451872739,2.6771935028567704,0
8.107938317282185,1.7865524514116915,1
7.43733066689078,2.047107922584714,1
8.399820780511057,3.8515610551555604,0
5.696396655917737,2.233863808043036,1
5.932599119380151,0.0499396569617592,0
8.98727332444267,0.8595753284704087,1
2.3545203858003156,-4.005406754987941,0
9.207517133312287,1.3428475421413493,0
7.118506294522944,3.5646796156817926,0
-1.5627137932098325,1.162498876954078,0
4.598067466048914,1.7070173319638466,1
8.659278546413182,1.8757448883795491,1
7.778808114688137,1.7391517035349011,1
2.8005839349795627,4.661778395309218,1
9.372656899712018,0.8671810637273409,1
7.064926283042182,2.5759260679282527,1
6.71206542647156,1.5992695683075806,0
9.825447340943546,2.0643395021422144,1
-0.042769654411950124,0.8966704833083179,1
-0.14067024254042945,5.008966118391919,1
6.935703392566184,3.1764566767771805,0
10.036924191410726,1.3597277673838544,1
9.939115869007127,2.12265897046931,1
6.853324707892388,-2.0498337666627204,0
13.08771034451354,5.331073800723465,1
0.21724779661241916,-0.26891740996243857,1
13.046029557088202,1.2742827617770571,1
11.216171631856446,-0.2614631979831944,0
-0.8535317196841291,0.6611545395970149,1
13.379637455164929,1.5347484897706216,0
-2.8158231454191056,5.634893085666102,1
5.445792261405871,0.447797760889931,1
-3.6702001280135956,1.6462823060089262,1
6.414495136993615,6.441266629672662,1
8.910480384290873,2.3034618868422925,1
9.246599979898875,4.500267273899928,1
2.797076978843119,1.3853784484049683,0
8.857237292093213,-0.27693774475130883,1
-2.5177553026894675,-2.201151390083657,0
10.672724104615094,3.524641738545541,1
8.487148451923296,3.2232451448362713,0
4.232075613927657,4.457675581834036,0
4.425075029255219,0.12548518058449215,1
8.023026556097749,2.463113522439408,0
2.454678068330135,4.462459333703051,1
8.931414094597963,-0.29875496194554574,0
0.8384375705131023,-0.29578959104062386,1
1.7031933605548755,7.616715425992049,1
5.622740735527181,-3.625996769481723,0
2.0131304708701463,4.5742643273854044,1
7.830593501638965,6.75023584652742,1
11.016852125861123,1.7236513711794745,1
9.058340694469551,2.785788528061704,1
4.820010503690129,3.565079580930583,1
-0.9586251573451127,4.690800593646196,1
4.282865962735621,4.915573319819039,1
8.3614496591568,-0.3386234914896666,0
8.092771276566314,-1.300348795424303,1
6.6338878046252345,0.15970531254408166,0
5.424103861154356,0.18242027404451247,0
3.189681641457908,-1.2512619264748293,1
-3.165968065745431,2.352313012290841,1
6.189551915079777,4.3842452416792055,0
10.267831920822353,3.69170623455903,1
8.192093395566634,6.365248216555454,1
1.1026939074124136,4.178647880680309,1
-0.36585804285874857,-3.436021731605483,0
3.519768859334816,3.0551305808262676,0
6.323948133116711,-0.6315420060975447,1
4.614406685114438,5.886273794596379,1
6.617230719486033,0.06367702251099766,1
1.3758437131493495,3.1217274898627845,0
3.495679174562082,-2.8836266148630547,0
13.46140318639652,-1.2450444623171688,1
-0.2016538446171301,-4.223666103761558,1
9.154208773147548,-3.0934407697590554,1
3.4924519679504815,0.5836014198554503,0
1.5799831675305205,4.453117753354152,1
9.601144974412115,4.96133534453899,0
0.9751859851927014,2.7025657098030598,1
8.063037038498427,-0.06875215047599606,1
4.880980140010787,-1.3761402051744904,1
4.641224462761537,6.1331225693570515,1
4.53698141890238,-0.3849713028986821,0
4.3615328219079545,7.087521683663002,1
10.102684742409688,1.928651302032521,1
-2.1950325971361173,5.219733672912893,1
7.958373416190975,0.5041535116553879,1
2.257069093397212,3.212404746181831,1
0.501418717188999,6.856585300631852,1
1.6538058919063987,7.676977941492082,1
-1.3462880930913699,1.2436761865231478,1
0.010027423315999894,5.103466746205841,1
9.520582968362115,4.780517944385085,1
10.546713855900538,2.393194066807661,1
14.39647717398871,-0.6799318769751386,0
9.298793774400094,3.68569996096135,1
-1.8079338950863053,6.553795652785145,1
7.685637733717418,3.232246524074191,0
1.747292490025638,4.079337635414886,1
6.21019617536052,5.37557749815398,0
9.61512099495486,2.1561695223236472,1
6.8921381266000985,3.9209069810355324,1
9.59023803879421,2.56463101001154,1
-1.0382820603089418,2.3867857274282636,1
5.812225185860395,-0.03755766041127757,1
8.674913442796377,5.0320595293943535,1
1.1158328539308653,6.539358885074266,1
3.2773290886375044,0.11699665845580992,0
2.3495676718015543,5.663140516608055,1
0.7841724311864785,-0.18659928720960298,1
2.3079367343992403,2.5143741856398827,0
2.1483816473112927,4.804430835192508,1
6.8086657556680565,2.0465863115595933,1
-0.8361199395072172,1.490376070913959,1
2.801753216165904,3.1884630855038787,1
3.8200941648883924,-0.29235727804895123,1
-2.9158390338345592,0.6897603070877465,1
-7.788301021136045,-2.8689588743183285,1
8.700908788282831,0.3092216245095289,1
-3.1509148761737404,1.6361790875515512,1
-1.502994014334661,-2.407695357915653,1
1.288559079688814,5.249084364641069,1
10.207233017807427,2.3312574876381538,1
8.082939746667229,-0.40825851444837497,1
5.759034712997223,1.0225952256644477,1
1.6123078769763124,1.6056063412903767,1
11.851004547944017,3.900210116124737,1
-9.630714338229495,-4.204327084067663,1
0.7859561964696802,6.042535773907996,1
14.451536057381333,-1.5226013435265509,1
-0.41434494621131956,2.145932782434505,1
8.015561202972151,1.389263906735571,1
11.396783393602943,2.038772364894113,1
5.284941284173886,1.1572918855938414,0
2.361664833358627,5.96682930539022,1
0.48918478081505623,-3.801187416300593,0
0.5488832344766816,4.498214536922154,1
0.37502964865391086,1.7125466797062399,0
-2.031340636553151,8.975107195708965,1
4.432124304835836,0.7608073688356414,1
3.8883531244994765,4.044936547491615,0
-2.6102226778539213,0.7135664800224346,1
2.4954533502723306,1.9727049416557088,0
-0.6448085301331639,4.758333884129132,1
4.456367988608407,4.788628288785919,1
8.962672269992323,3.759249117343244,0
4.410896235563594,4.34988188374691,0
8.076081729716199,2.9014596760068243,1
-2.295897412848165,0.2018194588879459,0
-1.8447531176170715,3.3706032962423316,1
0.23976707300129865,1.1729326794733574,1
3.0638997774761063,3.1644150892095997,1
-0.337361793993495,4.601572873492664,0
-2.1260959144180775,3.5604831697746184,1
-0.9212455698687491,5.6861015050617425,0
8.395080216780466,4.0786819897399385,1
3.1605827094879935,8.203251644570638,1
3.0016227108496922,6.4248746201836635,1
8.667910705960274,0.7959740487552609,1
2.6078164767756054,5.826542334151777,1
2.896058419354764,3.5824297395352516,1
7.987421344795605,1.3466793784925433,0
-2.3587972962278974,1.8727045778746205,0
0.011777265463100416,5.399502565556597,1
-2.068585527923501,2.782627711615453,0
0.6703797481913067,4.47726937166038,0
-1.5250261928206499,1.9346964415510726,1
-0.9651867671696925,4.879735454767289,1
5.883799977288502,0.6532403342142898,0
-3.1545681488482256,1.6994653871896506,1
9.721900864043812,-2.7260788824199897,1
10.052105055601222,2.986760790979292,1
6.195503592570936,1.5280415640776024,0
3.2512212151616073,5.136843583195762,1
2.814431556715026,3.04948879750265,1
-2.487443615979757,-1.6838924554395582,1
-4.94130030570124,0.9106181464948729,1
0.2245332706056617,5.66909942457341,0
-4.849015809090139,1.164153528418595,0
3.0197242585922344,0.9147319552354477,0
-3.8807609255154385,1.9210638358618792,1
2.086335394866325,5.031098999689287,0
0.8571490009916368,4.903829943549187,1
2.0438865372531567,5.781775988459654,1
12.172387257416114,-1.170846670171919,1
0.46566060932770537,4.8208312852327495,1
-1.1341516282821273,6.24445091818244,1
8.134158491760045,1.7180982911966076,1
-0.49249035421307685,1.9684120283222908,1
-2.861974590078452,1.5728850665026686,1
-2.9263564714777472,2.6632609123312974,0
2.9242248078935984,3.4654133982989075,1
1.5532781316714603,5.969519699867828,1
0.6604368965080033,5.675910106573576,1
-0.2555942715878376,4.684168781656767,1
-2.3012089347013824,1.5430320844583068,1
-2.767983931447082,-2.8532905065694876,1
-3.6552679635102745,1.703542748095216,1
2.3482385132984347,3.3053075971194192,1
-2.4735592142674983,0.7525098545890799,0
-3.110503957123095,3.4290513946190737,1
11.161401494076076,-1.0617401910441122,1
-0.2448208926788177,6.258810836750815,1
-0.45888726032179994,7.620683291529715,1
3.4238684577173046,3.3596837823636387,0
-1.992617287364387,5.963224877406723,1
3.6715192533615046,0.9347545403450837,0
-2.0179800568940136,6.286922908717174,1
-0.6316104333069302,4.164743693751278,0
-2.6409378204448957,5.021626588723666,1
9.011833307644043,4.850990209030878,1
-5.989252416866538,-3.8524757837396937,1
-1.8206892363860683,5.276866668120332,1
-2.731458095355061,2.9097856134000937,1
5.051765040082036,7.6113963940772225,1
1.9540976606388811,4.252236523108787,1
0.9919491222387077,5.631782478496706,1
4.362807777110448,5.233271005094815,0
9.189871146483064,2.6913538867084243,1
-0.5069775288666618,6.035831837434588,1
6.441976853104204,1.7559123098001097,1
2.107275475732288,3.351205834730411,1
2.97349301945414,6.0150068794180065,1
0.9139178139040465,5.394994946056843,0
8.633957593773914,-0.6834392057994668,0
-1.8233065207159644,2.8641086154434316,0
1.4234418482636133,6.579771766670432,1
-0.4127585296647327,2.970634766458182,0
-0.880970876892551,0.2885492658861991,1
-0.6257978207911948,7.221208395505466,1
-2.146512022237219,4.39015270199509,0
-1.0652039001662619,7.271055925502988,1
-1.6154198300621188,-4.01643255273004,0
6.056170974377916,6.592299049928985,1
-0.8265226223808974,7.221124306290227,1
-1.2700044354579463,3.444429606276053,1
1.6949504157139101,4.452090141449353,1
-1.6225867129149316,4.978102728958511,1
4.494197012534781,1.6896780613466666,1
-2.0478635873603674,5.2790334312265665,1
-1.333868340596296,5.370190768242795,0
-4.071746395560189,2.161038940122397,1
1.9942467099842587,3.9551919958223483,0
9.974165363328414,2.54601853937459,1
8.691785695328685,-0.28659609469240543,0
-3.7254562104258224,3.728518575740584,1
-0.26559868760134364,4.379858200209208,1
0.14695381998092508,7.034381329924687,0
-5.575790524720514,3.5941180536210156,1
5.284325093347505,2.9350090871718644,0
1.5019240270931422,4.771414459344487,1
-2.1409741602125916,6.531009260142048,1
-1.7937250466413668,6.126767229747697,1
-3.9324651793970453,2.4672034778593956,1
-1.5819119500152101,5.830817812098505,1
0.5932148662207846,4.5088858469069955,0
-2.9609689753480577,5.575252127085112,1
0.2439565442011152,6.5614387865524275,1
-0.5123351073513169,5.100663861472263,0
-1.9590218924777945,5.706302080991205,1
-1.6477545392150854,2.7261961695752728,1
3.5370974404980493,3.5882670531758416,1
-0.7757938380248371,5.112522068084912,1
-1.4876559490145016,5.7553469203672565,1
2.4763030314499015,5.499533125088355,0
10.450060286068885,2.5389696034317097,0
-2.0277787727232415,2.873095948800927,1
-2.7702971144303503,3.70204404688025,0
-4.23144291971813,4.379998973657332,1
8.456772091123387,0.39110234152844897,0
-1.54957226899697,5.4455061289786775,1
-1.2637723093034376,6.246518260171315,0
-3.171829577752659,5.164535859233995,1
8.05712412065879,1.1953130537724044,0
-2.729372003405671,4.888423952051886,1
-2.7841944295986925,3.523795948615135,0
1.4143293277509903,6.005920507933966,1
-2.331829899323049,3.195462718091803,0
6.420459502968706,0.5075668108166607,0
-1.075097475859478,2.3705387578496215,1
7.09667341461462,6.259024815988754,0
-2.1479391484996784,4.801599948204859,1
0.30356986313808987,5.831927047333395,1
-3.284812043680807,3.4765893190157375,1
-1.9953499581170915,0.8524860910012019,0
5.862606119104825,7.353592550926878,0
8.240937248449338,1.2191119963720611,1
2.3874299333650066,2.322591086981125,0
-2.801022374567871,3.695085762236582,1
-2.853839563155871,5.17869578052066,1
-2.086429257420317,3.2900787037892174,0
-6.9117853028890925,-0.517832650400763,1
-4.352657780718751,2.139516864102442,1
-0.5751082518659281,5.150455868602313,1
-0.3311503050010256,4.191588387096696,0
-1.789310371432823,4.2620210000854755,0
-3.9754179916466224,2.2182004977550576,1
-0.7515074550334878,5.642622319783254,1
-1.6497102736353866,5.502661773885162,1
0.057988971814795606,4.244195647557727,1
-1.8082300948692114,4.886749672793034,1
0.04110050915422805,7.205222254136971,1
7.702988575521722,3.190357979268755,1
-0.04007309613044676,6.58320751205744,1
-4.950402392941021,2.8730817311048558,1
-2.2656363829135007,4.569900054282192,1
-5.394055216720734,0.9607349307442518,1
6.555306115469512,5.738354757568965,1
-1.1252361155278372,3.893131017233093,1
0.06819876281022876,5.265611426119099,1
-1.5904864277505293,5.486248279464231,1
-3.1267269542473968,4.4227668824701265,1
-0.073250798209495,4.361972727959318,1
1.0736123471513108,6.01239285029642,1
-3.105475119098937,5.791719526446009,1
-2.864478878335939,-0.14601866850897527,0
0.2376189336574269,7.01355905175073,1
-1.2069289961450549,6.235382220470132,1
8.058979248286898,3.827321614640441,1
-4.901442200416753,2.349268666642289,1
-2.6699584452133647,5.242176562443867,1
0.8317274176164174,6.4478306981241085,1
-3.6593406963544455,2.1004884841073355,1
-3.8525407459630197,3.3400135396724737,1
0.22326783996123792,3.969486467421475,0
-1.0104368333517386,1.610623958704384,0
1.2833688834968178,8.506046211844357,1
-4.03999367308031,4.058614980924316,1
-3.4109496126881704,2.6986931771732676,1
2.657105823163125,6.451527004006173,1
-3.290862273699326,3.8043276858465855,0
-3.201368851692864,3.619165838651054,0
-1.6300416118051095,7.518144707071903,1
-3.1704253545779357,5.39838495304317,1
-4.088391445506199,0.3986456308002296,0
0.46205536192433516,6.383047864017627,0
0.46824112848338806,6.337852896766126,1
3.500163931957725,2.880600201447615,1
3.844386918150848,5.370813930920096,0
-3.659454752818381,2.7902524688094528,0
5.017060871677422,3.1827660704828578,1
-1.9519977888610793,6.122224260756753,1
-0.26311540804743105,6.204934607403704,1
0.38693611465825756,6.429798759310202,0
7.601558106622048,1.972294859897511,1
-3.8756468387728034,4.716334994154049,1
-2.2747613087047522,6.677861691891417,1
-2.92201095080422,4.6602567416910325,0
-0.5226651807883774,5.976195136140776,0
-3.166581614594929,4.073456921776127,1
-3.9012675212488626,1.910394115200789,1
-2.084414839499643,-2.163935203965617,0
8.53009721889494,1.8079688811252894,1
2.8191256929376713,6.957377477658041,0
-1.9894288694062374,6.156949029884943,1
-0.8167139930275527,6.742097309600402,1
0.8108120349399941,6.451238163220391,1
0.39841554507565735,7.4226210672912165,1
-3.624525119463092,3.2354441013947715,1
-2.3440754649530064,4.81402174954525,1
-1.6617399748053687,5.676063011309808,1
0.12362268448809888,6.294439096688284,1
-2.522676337684066,2.6009719066153405,0
-0.9658342313086568,6.522051385697425,0
3.5957939695370222,0.8089341895505111,0
-1.0040398830551631,5.959963395818882,1
-1.2519075088982994,5.825129835353388,1
0.07743348773374716,6.265798154379098,1
-3.0515096824391335,4.874149267413236,1
1.2165433262263552,6.434103860257857,1
-2.9789263399133437,5.455615473712644,1
-3.7498260838586854,4.618535861103516,1
-0.6541886138360328,6.412148405658204,1
-3.2273329387646217,2.876097842546668,1
0.7278050407205967,5.143049248974175,0
-5.292234012796383,0.25764834507368467,1
-5.739283658311432,-0.7834497873405121,1
-2.4312769449406466,3.5336403888713384,0
0.0013328375663939963,6.550318164256876,1
0.6846858892178725,0.6451818931271662,1
-2.052248947377638,6.200671075374693,1
-1.7014766358093052,5.964386769202832,1
-4.874639237089244,2.4640305456050124,1
-3.3592581706482867,4.375680047072419,1
-3.828451654234415,2.992957329866675,1
-4.936378638432035,2.197830398302767,1
3.2960119798128305,0.4698289553039547,1
-1.4468835593940514,4.130879428911728,0
-1.8303608169305594,5.343581168011939,0
-4.12319470146296,4.426323468643029,1
-1.9587050036004607,5.529890064688414,0
-7.788805771471832,-3.0272923225110615,1
-2.1544028148270393,4.558749803179993,0
-0.17256988569235304,5.78360443615371,0
-3.472963531734466,3.985375853704765,1
-0.7842993364279479,6.71814372415404,1
-3.183214777394498,4.02863389614804,1
-1.8430319729723244,5.554163198392391,1
-2.198583861865716,4.50422003855167,0
-1.2310403275723805,6.246915980570641,0
-0.9637300156064373,6.485916441566575,0
4.236701400498158,4.887408407816999,1
4.321969163770774,5.28097639888705,1
-3.4502078374628553,4.440561804121776,1
-7.421916820101563,-2.128424295027248,1
-9.240053186885925,-3.589153231483886,1
-3.231171909054729,5.214155117731885,1
-2.6601744934343,3.49642877997387,1
-6.7506690751066,-2.410242897689537,1
1.1623560794742633,4.7388246811874675,1
-0.8382466146773458,9.57184553848502,1
-1.4408455254573416,5.211031714409166,1
-1.919490495433145,5.623932119971367,1
-3.8347141528972397,2.3817674795287305,1
-1.559366984644256,5.814158635989699,1
-3.1929747081089066,2.9488210604065164,0
-3.1149979788450164,4.147870760991925,0
-1.4471627880022402,6.821111922983587,1
-4.730130647621077,1.5335786746920845,1
-3.296264259093053,4.838108180499077,1
-0.021767263699121454,6.558881274304013,1
-1.4518068046632335,5.978410105010089,1
-2.425884037474181,6.790421661784845,1
-3.6573119167241424,5.726225608228351,1
-1.1479940891045612,3.917568330850227,0
-2.7951867419335947,3.823454759192609,1
-3.1826271199985223,3.539804782617035,0
6.847952525227235,1.6026070523552371,0
-3.567568721243161,3.0726484299736723,1
2.652540574793153,1.2365014067216353,0
10.336466718141523,-2.25614793696281,0
1.7077500016768026,6.116706565624266,0
-1.8643331109690517,6.69218119716159,1
-3.1137312770602685,3.390877068108768,1
-3.029856614669219,5.638113360452424,1
-3.713812830646249,0.38487461167408776,0
-2.193769122605665,6.485499753604485,1
-4.921495942795532,1.2695241613819783,1
0.2544494772657544,9.515024039164377,1
-3.100076490386569,5.5712021645008,1
-1.8034386954765855,5.604443615220747,0
-1.7473535782719984,6.991527810602511,1
0.8751786798716877,0.038176269751437446,0
-3.3474689278766987,4.360442733658909,1
3.399884064344735,2.7887420819143194,1
-1.2662263561261347,7.096327027728664,0
-1.491940083473749,6.6161068681975275,1
-0.21536557112565002,5.869798992589149,1
-1.6367010394794606,5.098837632071965,1
-4.3948778849695485,3.9537779835706233,0
-2.0065108427246963,4.673966453977562,1
-3.989549493005086,1.9930695238288125,1
-1.7122067594181711,1.846300597153293,1
-5.350087259530385,2.025592032474085,1
-3.1568638229450925,3.1426154712116654,0
-5.1023478122344885,2.068604955756236,1
-2.47793718054293,-0.025028213164282977,1
-3.604817297793345,4.385111953375798,1
-3.021125101513099,3.1445473949636806,1
-0.5853498016489288,6.229926708936306,1
-5.003668994831762,-0.5994641463098861,0
-1.4360452822861691,6.272900323933113,1
-5.4752670472190355,2.617237021428975,1
-2.645784934463373,5.634312296350151,1
-1.1829479350337289,6.5776599987080555,0
-2.2824417570488023,6.431780948281084,1
-1.3073449364941525,7.418869673471516,1
-1.899196638883748,5.911943272741754,1
-0.3646629732347517,5.981043182223987,1
0.21361092483778768,0.2948887718893284,1
-4.647915069443076,4.10528092441346,1
-2.5874538386143,4.913147274845111,1
-0.5312901232789942,6.39189747000698,1
-1.5938660609606186,7.130654824491647,1
-2.0752816461179404,5.997596944504998,1
-0.42574251658364365,5.648221342191103,1
-4.5704810856719735,3.350058768368331,1
-4.962301432079849,-0.1472631686809433,1
-3.117070867675104,4.498872018467776,1
-2.563491284768132,4.683955728933713,1
-3.122355453838446,3.6018649304326003,1
-3.800086562947656,4.5470649929236835,1
-2.0522987417810157,6.295626043155223,1
-3.4249888403040973,4.9370255550524895,1
-3.9710374323414617,3.1327568531857097,0
-3.258488959227884,2.1422949785993466,1
-2.1897430306426116,1.2343825398523351,1
-7.857695058509318,-2.1300676008714383,1
-4.804078024055939,3.2736575885763473,1
-3.3917598674833624,3.168644171448802,1
-4.0022416191677435,5.03088827125863,1
-1.824967301697399,6.451104294686515,0
-3.472298688738194,3.2614913858481547,0
-2.5585078700461126,1.3214592967359176,1
-2.9855794671843183,4.618774051290786,0
-2.769700084860192,5.608409989619657,1
-3.548723362044206,4.066357555888909,0
-2.1902877763714637,5.927480328552546,1
-2.4810560694669324,6.74985512927442,1
-1.8558535902163205,6.177948789132888,1
-3.9087280569663436,1.5152886281729048,1
-3.029784455307657,4.025019719601524,1
-3.354712373118746,4.34993302516488,1
-5.005526725810755,3.1125440900561325,1
-1.3229100877024775,0.6798182499997408,1
-2.8600005366783146,7.027863631454482,1
2.030648651724319,5.6425564541285205,1
-2.099794229872654,5.53795000058296,1
0.8019275735235215,5.381272503163769,1
-2.1572490561673847,6.102412785670478,1
-1.083989154350184,6.635577150943079,1
-2.476190145908961,4.749837728213331,1
-2.249750356394408,6.424216063841435,1
-2.3708170228352823,6.251677851031604,1
-3.1562344761030747,2.1590407810373295,1
-2.1694912064995173,4.766366789370249,1
-2.8714129573929386,4.4337731074362186,1
-3.4969845880043726,5.479765189593042,1
-3.266332150559394,4.384582384534319,1
-3.347326334379522,0.48314613003941437,1
-4.007332084610279,1.9282852507045138,1
-2.284453879898689,5.09918662749828,1
-4.2799661031871405,0.8451883389677965,1
-3.3901287598937726,1.1252118934287052,1
-10.33565286118279,-4.6312532723474344,1
-4.305825480429775,1.8921262422663587,1
-3.654216154096654,5.302068567793829,1
-5.482550827562717,2.4608913981131173,1
-4.091297545168761,2.625422395600353,1
-4.848451131238759,-0.81845202260341,0
-1.5940540163177013,6.9062864113840154,1
0.747662888000598,0.021913025759973694,1
-2.798611531512118,5.887975978318333,1
-2.5016167517351615,6.935390860746102,1
-2.871997778853683,5.342051873719714,1
-4.888531937978829,0.7967305250027198,1
-3.1057997466513845,5.068758280356574,1
-4.076733486687486,2.7384153075963384,1
-2.026662990182303,1.4367276538813856,1
-1.302136104096843,6.38034353095943,1
-5.0753104275560625,3.171192288488291,1
-3.7644972410509143,1.962258258155524,1
-2.0381915471253884,5.139475142162818,0
-5.843388725775906,-0.22235840486339978,1
-4.225806313280105,-0.28541069295632704,0
0.9412051523064601,3.269905386756526,0
-1.2478368809930434,8.025775280609148,1
-1.793567199961509,5.552669316695461,1
-3.664066281056775,5.4563137775964945,1
-2.076078418130186,6.165215247846355,1
-3.630786581440668,1.6331713296184875,1
-5.533600255488806,-0.11646012563924545,1
-4.065942820411725,1.9855290572799043,1
-2.2688834157332436,4.709475078524303,1
-4.054807398780806,2.0705038995110647,1
-8.116259233273139,-2.953554550050748,1
-3.9248634673568863,1.8450296818313219,1
-2.005782240931995,6.801807121860643,1
-2.820768767650067,5.164093206225944,1
0.3431128790740349,0.24045462998806333,1
-2.660556435561226,6.034283876222277,0
-10.195884130417683,-5.07922419098562,1
-4.117619587943515,2.4437254981318977,0
-4.689674602849011,2.5917237144149157,1
-1.5823400182542584,6.301685439148874,1
-3.299334922530011,3.119481708907708,0
-4.48849245262931,3.4829729731449124,1
-2.7400207869977695,5.190150214503996,1
-3.7510793177430397,4.077403396692608,1
-5.34489242328236,-0.8279877340183222,0
-2.021577105628292,6.360621696414334,1
-3.821881852944924,4.439168428879133,1
-3.781498657974937,3.753677562451891,1
-3.125892427677236,5.279558628221496,1
-1.6509591614198809,7.625915806515962,0
-0.9124353445066712,6.5724490205781505,0
-2.2100950487722493,5.521096629502657,1
-2.375400501801585,2.5636148913234202,1
-3.144151532781703,5.055940620851594,1
1.0380151211616266,0.301874162441425,1
-1.860162573408474,3.5529099477706385,0
-2.8010323005384437,1.9456841125514286,1
-3.2376731485854178,5.594345043684139,1
-7.150771723635693,-3.6611017313392487,1
6.763293653373415,-3.3514782074835083,1
-1.3277207249452314,7.101226640032565,1
-2.5006838641237015,7.849873407844486,0
-3.610088265865059,4.972858916615998,1
-5.337597851507217,-0.18610250576951146,1
-4.389250940629538,1.794172226050641,1
-4.16723624725927,3.9298596607360126,1
-2.052677987235022,5.939654863767064,1
-3.56187373859327,5.8533426108494515,1
-3.0858801135735727,3.2623633110422143,0
-5.649466682511443,0.44410267181647783,1
-2.558215321627536,1.3235640768115557,1
-3.9767788359600313,5.283162614093338,1
-1.8540452172474966,4.679733989311298,0
-2.0939928385314652,5.694949332802255,1
-2.05227327482259,6.447669533093914,1
-5.692616754418708,-1.5353175416152243,1
-3.087407177688994,5.70343340864749,0
-2.8873465820462476,4.33851976397604,1
-2.1218513256879765,6.221557546081206,1
-3.7084922300610037,4.7894080372903804,1
-3.427438644142237,5.292424954604369,1
-2.9963124877793157,5.908054380636448,1
-3.6757129126304657,3.0834118343392314,1
-3.193532982222213,4.411510786428958,1
-4.768349561577727,1.8142581223775536,1
-0.9753194049275524,7.939021883608043,1
-3.973601518346358,5.594632521707314,1
-1.42094868323201,7.738716099782787,1
-3.483750131319092,5.108918718019458,1
-2.032817544595506,5.042857923360018,0
-2.151343540166335,4.117209182950419,1
-3.042192613503817,7.036936549318381,1
-5.102479019077686,2.528866063109334,0
-2.803875717386923,4.6769676154988185,1
-3.838491766318538,1.858693860382781,0
-3.8799253649738215,2.0579558082461102,1
-2.580855071298993,4.881986597356496,1
-2.9453683953817174,4.5891334438639655,1
-7.980982758794144,-2.798124502252499,1
0.052874476704626625,1.9427786401535208,1
-3.9409899070073897,2.3395959218628692,1
-3.9340655438108127,1.9707388192940265,1
-3.5278523638501422,4.709768564525121,0
-1.7846251272284683,0.841740462103657,1
-2.8929236461989154,5.451395211639865,1
-7.620567714683378,-2.4033408673931453,1
-3.575648067261166,4.473733828393587,1
-2.7310211454216344,5.715274617481592,1
-5.2623993205924275,2.1908450266920925,1
-2.3754162137848165,5.682015340339327,1
-2.569636440998379,5.66411203995145,0
-4.600822330489274,-0.5969300410827166,1
-4.046787813372534,3.1465815692052237,1
-3.164965710312415,4.458931602831194,1
-2.6576913115007406,4.924960532320051,0
12.956301654681885,-7.455163191337126,0
14.073543284193796,-4.703560137105464,0
12.992459708350943,-7.1656568648925445,0
12.720134120446563,-7.810095073759744,0
12.994465007930975,-4.8585123285498275,0
10.79203204923022,-4.953898736045363,0
12.697397766280334,-6.382364652822409,0
13.999072562764093,-4.967542994412646,0
13.08320457059995,-6.356413850437915,0
14.282659196325595,-5.757073536209081,0
15.255928961717462,-3.466336291209909,0
12.7534491221218,-7.30527306870701,1
-0.9278990309132035,-4.804163728657514,0
13.672467442850273,-4.56181097236655,0
12.628458585341079,-6.474415300006107,0
12.853670918939152,-6.380134847006991,0
11.875612496242075,-6.796557946733927,0
13.445257571274466,-5.1732218318201415,0
12.394901394084092,-3.104661669531755,1
11.58170356397771,-8.666687441289275,0
14.15787936585985,-3.9776080495491026,1
12.8443446506986,-3.2779150132295882,0
14.69395404723977,-5.009446848738271,0
11.69833172435866,-6.4198846877530595,0
10.331039256231547,-2.5628257471330036,0
14.056720609315542,-6.661677067464653,0
5.646675036848124,-1.1817094107346042,0
10.592925913914979,-5.241376135859872,0
9.456634985758654,-3.684342635065409,0
12.221701616728398,-0.36216464558659384,0
11.019371937654238,-4.144281966322753,1
5.711002677089786,-3.8854068004653017,0
5.922620351787134,0.7088390507189223,0
9.850866801558764,-4.918155549406452,0
6.058370009819623,-3.0681662635569507,0
-4.403907281488565,2.125371647144851,1
15.221375609340196,-4.7788966330119145,0
-0.17882674032854717,-5.737903950490121,0
10.222643390939616,-4.903378350517083,0
11.103348934504766,-2.56876128433497,0
5.740803829997733,-3.156236413177051,0
4.354290373652234,-0.9155071734439358,1
3.6273121909130452,-3.561743344327926,0
13.835943466388803,-5.180432467379464,0
0.7819705872405601,-0.9074179622245524,1
5.758627290832157,-3.9929868186091237,0
-1.7539553168403028,-6.78293852866065,0
5.943055945543971,-2.181999130102903,0
1.5349630859885024,2.85717354990026,1
12.03123748602835,-6.211527017289218,0
13.908576202594103,-5.468289245496139,0
3.449933560346992,-2.1774557348652084,0
4.807050872747559,-4.305449534491141,0
0.5539781536541838,0.4117224377604783,0
3.6163107830050345,-2.048156920644287,0
-9.262752327225297,-6.525288732314418,1
3.2006800294634035,-0.7725441208241189,0
-1.838137174891141,2.073974629310906,1
-9.009856210248069,-5.6487582622551145,0
4.806108794870525,-3.2529278538060287,1
2.499879432937167,-3.73794849540918,0
5.434021090877052,-2.8979647751994033,0
5.564700389207133,-9.883572877490653,1
1.5993657468716946,-1.1257385026864715,1
5.960078615514611,-5.212066873564498,0
11.028938646482258,-3.346188965469821,1
3.982431976104377,-1.079717420388526,0
3.0071993086338384,-3.4621376511219353,0
-10.356189818660432,-5.110959154804004,1
-2.9925881939963928,0.5939860428404603,0
6.938447539903973,-0.4672058357721271,1
1.529800221591888,-1.7152041360082866,0
4.481697656494341,-3.3256144666702965,0
2.4030063434177116,-0.3701671223251807,0
0.6856059999447323,-2.0169006756390058,0
12.726478888322779,-4.51853988745279,0
9.834739038728927,-4.495125754060036,0
0.7691737122387016,1.578414430942882,0
-1.785639965300057,5.0192829971999835,1
0.0908939379115247,-0.9781141563364136,0
14.42391382416669,-4.992786946293953,0
-3.64977857222784,3.5776298352571545,1
-6.984996941814023,-0.513872837561631,1
1.8169109688485776,1.9653608387054513,1
-1.3033610677793481,4.803187528750682,1
0.5738264426857319,-3.1772012515941084,1
7.640542103413958,-3.081446990969922,1
-3.64046458450546,1.8311760041880538,1
7.244984027227912,-0.5162678204485277,0
-6.459571444137629,-5.359249621927817,1
-0.9876690659892295,2.773660760202118,1
5.441505955533374,-1.5334176917888627,0
-1.5785814908135503,1.0694071319201963,0
7.776734192924338,-2.6939985841583383,0
-3.79868071737125,1.5336533256632425,1
-3.343069853613524,3.2740754779035477,1
-3.517777949539164,0.258062272453166,1
13.875206739160395,-1.8798685490140452,1
13.213353034095643,-1.8594926652922952,0
16.366131700712973,0.49000168433538455,1
14.152371925797183,0.32774419461099646,1
14.179358902985118,-5.006779866356475,1
0.3876814294041007,-11.2899999037871,0
9.87077605403191,2.9391204375763835,1
15.035823421413909,1.2729986029203013,1
1.589379497993462,-7.436313334202296,1
10.182265065962476,-0.7378839963397743,1
-2.690049738671604,-6.971595742479557,1
11.329350773295726,-4.440897595369084,0
11.398036541072987,-0.9460376032505391,1
-6.55788998835818,-6.46401279729141,1
13.83292903248749,2.939265266843574,1
13.680224291959696,-0.9140777123342181,1
-0.1611343508966664,-2.5795132220479973,1
4.603143199953037,-5.214231757667323,1
11.464126399936934,-0.6851637883355975,1
-7.9628758968638484,-4.263334932178449,1
10.018538716417776,-4.569178963150591,1
13.370196048867458,-4.293258665716396,1
-0.3334611848718721,5.498307983846359,1
9.094849841590626,-0.19342892569846604,1
14.727148724063852,0.16124505303735479,1
5.858741028191004,-3.2595638139676906,0
7.938147493127695,2.0059883337223736,1
5.026703609923772,-0.14970710198143575,1
10.536728137418113,-5.406607723279206,1
14.95767016906767,0.51202680216465,1
0.6968463070330408,-3.3528323788418875,0
-9.696797180140235,-5.3202881661379005,1
9.474797068242216,-6.405046030825061,1
-0.21602957637487372,-2.762864214942244,0
9.077035426192147,-5.75765479892673,1
13.16178820893433,2.165752520985904,1
6.21472070683723,2.153352691130293,1
13.743045720231112,0.5632811461358392,1
17.144416047554138,-3.240294495816254,0
6.272690929708092,1.9930601813776565,0
0.4893007081361412,6.566544351134578,1
-8.09490376517319,-3.549977274448917,1
13.301143368689928,-0.22508738523855165,1
14.88042179428826,-1.6431186243840359,0
8.191185369920214,-0.12556797708813486,1
-0.9398548128514468,0.9614710945649645,0
14.54259253871186,-0.28625093183449607,1
2.717710928196149,-6.553186084011054,0
9.560951462880013,-6.915086640469274,0
-9.19274634189218,-4.1102136357905374,1
10.932809698863052,1.8626209866651942,1
10.163590680497567,1.3738350290651506,1
12.271668746061543,-3.3286078352655317,0
4.458721464981993,3.613071832293439,1
13.702486642194987,1.3573629710631234,1
-0.05292885568312249,6.940485870127282,1
6.9466190820676115,0.8191139556095091,1
-6.972902206298744,-6.3770328606657305,1
0.9864716609666825,-2.19159665056045,0
11.337993529643594,2.6443718525885904,1
8.86767253083298,-0.797160278326893,1
6.442571004473624,-2.9585010788123522,0
11.904337105214806,1.2895952463113656,1
-5.436664787922789,1.6635622742485303,1
-3.14290770539631,5.612931331960009,1
-0.4804079671113034,6.048278957844854,1
4.736706481888758,5.846808257159591,0
9.788286254700692,3.478113929940213,1
8.715796872324924,-2.9139402938904224,1
-2.12132763402509,4.478400764905406,1
-2.5147932547620537,1.4178836497008624,1
8.163193687151635,2.4078806550177925,1
2.2035948382869486,-5.379059422666229,0
15.103822268962078,-2.065097627823671,1
3.806770921897519,-1.6751982685512354,1
-0.21238668022148735,4.9859207869456155,1
-4.033874795398594,-4.661157506444314,1
-0.5399832893367994,-0.8727547386217468,0
2.531082873049938,2.6302541639913644,1
3.4424228269034756,5.537324863024256,0
-3.5654935850900773,-3.7952865496479573,1
6.721426732833742,2.7684857238034213,1
-0.7983960489944631,-2.5334743055855777,1
11.673275629349801,-5.513397741139642,1
9.869748260095795,0.02576571605077629,1
-1.3433549427529092,-4.4427856042323315,1
-2.7493093226473952,5.705836626874934,1
-0.370197255348125,-10.984981366344293,1
-5.846297386450298,-8.563144177896108,1
-3.569573282208472,4.56266951480944,1
2.5867326733325546,-0.9338404335790882,1
1.4829814199926143,1.0668451727946966,1
-8.563984210131299,-2.729165878084369,1
3.255683928028443,-5.749801621178859,1
8.245220755329719,2.9137400233518593,1
-2.3421498514110013,3.842948440208961,1
-2.2891474341250633,4.923724668362519,1
-5.874363695225018,-4.232729201462864,0
-10.429373111740514,-5.004364213839539,1
0.636151979745276,3.2358954419315977,1
10.171384997695892,4.551714497492529,1
9.714301168979478,3.368225496014545,0
-4.355837896249949,-2.748940809264873,0
4.564393129702143,-0.5588359918377935,0
13.029498481264323,-4.411880033642803,1
6.236464151008686,4.445487324141047,1
-1.2851369570120241,1.5151770755167502,1
8.695342604716547,2.750095010337404,1
6.390464554303294,-4.331127971057719,0
-7.771684889702511,-7.251762004031711,1
0.4863549205111356,3.3415963740671586,0
9.90935791556963,1.846876923192185,1
-2.765676575486865,6.554768641537509,1
-7.145786231185092,-4.071287052677093,0
2.2089000530698897,3.969377233943539,1
-6.880521383363551,-5.809643048000259,1
-8.306109367006455,-7.681096066372329,1
-5.863504074167816,-2.0470842326224314,1
-8.396424723763065,-3.4338822734997136,1
-9.231092492846855,-4.134072060450518,1
5.579727497282187,-3.134965636428232,0
12.332565915129397,-4.315977805941806,1
-0.52805774526651,7.647826924404021,1
-5.4229494362323285,-0.2108478259480715,1
5.63037224097852,2.9084315122438906,1
0.731016466384732,-0.9820370350347413,1
7.905194565225711,-4.366590855725717,1
-6.945432720087229,-3.4739979776311984,1
-5.737252616584813,-0.16288336738401835,1
-2.1198183864587357,-4.4139203801396825,1
2.0692648525904755,-3.9149076173736805,1
6.695903929943531,-7.089596891941402,0
1.4172733655269405,0.26799878445206404,0
13.10376669933671,-2.936468163499507,0
-4.923618645350589,-4.286574096351045,1
7.7338228259064685,0.5905015142931614,1
-4.808624879591839,-3.2326448218480754,0
-4.014816787609573,5.506623671943039,1
-6.458332110198366,0.8296326189264606,1
-2.2869967412669876,3.821970568588081,1
-6.805495149722088,-2.705028410426123,1
12.124245353272327,-4.673690802356357,1
-5.729320963012844,1.903709743049901,1
1.1790917147069737,-4.258901129732552,1
-3.5702355706840816,1.1378892908364548,1
-4.105011214044037,4.028941044404076,1
-0.7833177903643079,6.669153960506104,1
6.345877950027765,1.301098783467694,0
-6.053692648836096,0.060622473077142386,1
13.590364073490552,-0.7202414423586987,1
1.6534506227361934,1.31392091078479,1
-1.1529949944282751,3.5859057897306035,1
5.308447039296722,3.786570949572627,1
-5.490134724257447,3.6913817225547976,1
8.921514782281678,5.39178404531033,1
2.0629266652096767,-3.1621921313739434,1
4.1582978207718995,2.899927146082149,1
10.076669485822073,-4.232110445005452,0
-1.3639987869732642,7.1546331891259705,1
-8.397684274769299,-1.2609825236254257,1
-1.652258520301227,1.84144041217007,1
6.072379912802975,0.7396666301170426,1
-10.330983480712225,-4.881532948536766,1
4.826925856398878,6.545803777751614,0
8.064540046792045,-7.457759663102852,1
-0.21185580924116676,5.698441091822014,1
0.5760733207961435,2.8372274246516556,1
-5.229404556779684,0.8407632605863645,1
-3.515057047800137,0.5139123034991596,1
8.554806036589705,-5.583829066436181,0
-5.300557747466673,1.061549320774553,1
-1.7742339548979646,2.9047425538282625,1
14.8380883394306,-4.227626192332958,1
7.225794814462933,-3.1472505339185544,0
-8.62234036039434,-3.3110365400228425,1
-5.3757297712307075,-4.265565929767085,1
7.0512818409401055,5.9626509741086595,1
6.318825104034906,5.874182395571807,1
-0.17646215148493172,5.617055731715223,1
4.7538036500726575,3.8297974542874202,1
-6.676055635972419,-3.7040207992567558,1
-2.5064420782103003,1.955414358329073,1
-2.890968463771556,-3.4572985451537326,0
11.710742067980991,0.18237190984359014,1
4.307837892655153,1.1262006267872242,1
-4.705161347026588,-0.17881352367920925,1
3.6766714577785806,2.2602768170569303,1
3.0641760109363676,4.673417131948095,0
-0.08317050841346839,-2.3814944734454517,0
8.45164498139436,1.9665860570268838,1
-3.930258497309271,0.6759494141985621,1
-5.248809712626478,-0.8605796884321302,1
-5.7625523274325365,-1.3206954312605192,1
-9.716932570702049,-4.351804044189026,1
12.413445034151163,-0.8108276405120772,0
-3.8406875483721565,2.889903634788422,1
-4.48348020192903,-0.08116431122739844,1
-9.989008888904527,-3.959120351021667,1
-9.445454963432901,-3.351397670624569,1
-8.7274322860491,-6.716764962028247,1
0.1313937296494875,1.0292977953616667,1
-9.225843094630354,-5.483845410676726,1
-0.6395191191262071,2.2931346294654302,1
0.3626281297822711,10.357347209134748,1
-8.365673390483247,-3.3337902429881976,1
-4.185594676898998,5.739293462512497,1
5.035017480609844,-5.984757850044189,0
-9.413860721865808,-2.9073442568299748,1
0.8501267168929041,1.9885614558237081,1
-2.3186330335731418,2.0677278426663546,1
-8.896472401897645,-6.033177744703229,1
-2.6507449811547428,3.218454521513147,1
-7.9968529885330035,-3.118449204601678,1
-4.364496818893296,3.894874087223183,1
-6.686184568325964,-2.051555194871547,1
-7.480220946416966,-2.167332226937427,1
-0.3165154956032249,1.579936462734878,1
-6.283178782052279,-1.2006271115699911,1
8.717286772489079,3.683930471636459,0
0.11097084826493198,5.630196633728316,1
2.8283593254422255,3.892909616313895,1
-6.40921631757463,-0.2507262825669271,1
-7.480184376403347,-2.186409562795233,1
-5.1633094712958405,0.9273122528188183,1
-0.23355612566615563,7.955210835897288,1
-2.866037810561373,4.151151558703995,1
-2.1691142380796,-5.1057868877385655,1
-8.195412138439703,-3.8907144912980045,1
0.2915879605444555,1.2923101281637681,0
-5.570190631337209,1.1866391194864023,1
-5.202079315138947,-0.48049053597763297,1
7.79308147090066,-2.441383646249747,0
-1.6014321051470986,3.9456038509771387,1
-0.2793818934055937,4.395014480614176,1
9.317918228916236,-4.3538838447104276,1
7.7671108921420045,-0.11238090409621931,0
-6.20486721212703,1.4512682682516174,1
-1.6798521079793012,5.417070614365395,1
-9.164092227015596,-4.790319718449361,0
-4.138896201007181,1.1710845358511657,1
10.885487332489863,-2.3463016850249976,1
-2.487988800199141,5.212368451819011,1
6.75588522197303,0.7563523995765027,0
4.349235654147473,-0.2930566643633136,1
-9.939272034612024,-5.314453777514457,1
8.788711143598452,-3.7314066077637684,1
-9.762136588608461,-5.691638933939158,1
-10.240502237001207,-4.964282954029644,1
3.6956659298642056,0.32947185674482393,0
-0.07377021268149449,3.188719091257338,1
-0.8044899489515824,5.3322964541263955,1
-8.986445351690225,-5.692334566901329,1
-5.259516329665203,-4.151300118665288,1
1.7192335540596755,3.050669014828006,0
-2.258852729612113,0.5302516797447426,1
0.7984822180099089,5.50085264489595,1
-3.3129983625681114,1.1402376951574043,1
-3.644892050914129,3.58346093303475,1
7.943564362932744,1.2932429475694465,1
-9.785022401907298,-3.514660470882912,1
-9.740911030874736,-3.0376264554543093,1
-3.959666153977879,1.7657102942213885,1
-5.411680863577618,-1.3872482566830857,1
3.6031503414832504,0.11842110125198918,0
4.6050874778741075,-3.7529762569505922,1
-8.265195705065324,-3.745316164151793,1
-1.0383017345936352,5.028381837826746,1
-5.416351953529382,-1.888796599344472,1
-7.952699708791529,-2.909675232248913,1
-1.9196704939127436,5.195919866496471,1
2.3686315450338755,3.2144346149801666,1
-2.621245320599774,5.5866757025423475,1
-6.592335628163119,1.834546014536814,1
-3.0397258711665223,4.968209473697834,1
12.102135683846862,-0.03462388556249915,1
-8.25134415904433,-4.728106567748045,1
-2.043551150688833,5.830450092004247,1
-1.6077733775380663,-6.479059107053795,0
-4.880846074631131,-5.495773063559622,0
1.4139694517778443,3.5732218913392417,1
-4.147754928397109,1.6582436939673364,1
-6.266221852102322,2.591995613939732,1
2.1076534402421476,-0.40914329095113544,1
9.03559993925106,2.6017827737832877,1
-6.328128409362917,0.7869594763488319,1
-1.9999746182394833,6.853791977200223,1
-1.4445162706398103,5.61874394988025,1
0.05806971476355032,-3.543355055006411,1
-8.643464110624858,-3.794198225798719,1
6.470696431073574,0.49935051429519406,0
-8.571030020296666,-4.500220923270613,0
-8.506556709246322,-3.964031940880117,1
3.7019691213475445,-3.799636092086877,0
-1.9047481826148223,2.641305492643625,1
-0.45486959565634105,-2.254860824429198,0
0.8922014806605596,1.7910569341577967,1
0.08151691962869854,5.926212053777533,1
4.5453471439612745,7.0781765044224505,1
-0.005126878068241006,-2.2093739954201097,1
-4.818759409256387,-5.515001851223984,1
-1.5880844766953714,0.6094079212993471,1
-3.644993072394132,4.116023519314256,1
-9.982663042523821,-4.485368448375832,1
-9.241831656318116,-4.403810271909492,1
-1.275581470529205,5.663094756846968,1
-5.105079644992063,4.4686783993506785,1
-7.562567920898987,-3.2977279751591966,1
-7.763673924414393,-4.3317028062532295,0
12.069134047785406,-2.218146787317451,1
-7.538464653857306,-3.082362785478998,1
-2.989225284613939,3.7551067592553933,1
6.014791060628379,-3.0761423627655153,1
-9.391308747147745,-4.183723060768064,1
-6.524744840571987,-1.4862624278628858,1
-4.199375613045824,0.030154335970292333,0
-6.64801882846923,1.1560787183877448,1
-0.7877668851489255,4.8238082327414435,1
-10.209100735179925,-4.452972837260133,1
5.747305541464667,1.0755504485825502,1
-4.990942568873821,0.6305246930889967,1
1.4662191887514402,3.2306548834433237,1
1.4507899273087375,0.9423354537704591,1
0.47905968790859027,2.856235573163051,1
-5.254855889790726,2.1043666751674532,1
-4.346431314964154,1.1713162657236762,1
-7.64267248459186,-2.4218452493853198,1
-9.09545021733177,-4.8982563077096355,1
-3.4553262273889316,-0.3919648725028117,1
-2.526488505182557,-6.8574685658506604,0
-8.993105854320198,-3.8452509036471945,1
-9.10340200707977,-4.7102262240531845,1
-2.880666932697367,6.695843240056758,1
-7.565368303515313,-4.040287163529381,1
-10.063192660934316,-4.283478272003908,1
-0.33942989256591416,4.897531216712298,1
-1.8623581854427456,4.408681042460271,1
-11.089740248052781,-6.289936962136722,1
1.4593551130002842,4.174726135791796,1
-2.1249182232469677,6.688519892536901,1
-3.9981212079241955,4.56144858255102,1
-3.490180625064742,3.8644208516897938,1
-2.294374926083062,6.124450541987369,1
-9.69195550670701,-3.2464150681879063,1
-6.067718610206472,-0.545056425667341,1
-2.8324073700235077,0.22353687504856232,1
-4.86804436997809,2.414074735827332,1
-0.7461165861830786,3.8690162651308455,1
-1.9159526592340437,3.5988041405446127,1
-5.266201786248505,4.322602103964598,1
2.9137474191680717,1.3834589480074007,1
-5.773287838316654,1.3641728003445024,1
-8.704250366624942,-3.6918081594333736,1
-4.546887169626656,-5.27894409590945,0
2.7772540194539106,5.3035910633029,1
-4.530871992808717,5.217362434349809,1
-2.4479136543759346,6.144954562103338,1
-1.556561164733331,5.456983333115738,1
-1.6029450994012204,-1.036398665140618,0
0.15296595880593974,8.23967009511664,1
-3.1163115236673034,7.443308866106625,1
-2.5693798112470754,2.984188520954335,1
-2.286552859144967,0.0400608070091983,0
11.70124097506283,-0.41820100441083335,1
-8.80154872017525,-6.786209996589653,0
6.669816248832917,1.2823798611662456,1
-2.7565809887765256,-1.8175182527078917,1
2.641005142202616,7.122145618509416,1
-1.4560648520533424,0.9453437181998342,1
-2.981473704014256,4.23208231669444,1
0.6302187770477404,2.305518378864734,1
7.031176086964602,2.2740168622157224,1
-3.4071251930797914,6.4126861937284705,1
-0.4528365449027917,6.1217852590525625,1
-9.705888978933249,-2.320768909874463,1
-3.3026920513646623,5.359757265828458,1
-6.772565294529121,-2.2553353161643477,1
-8.825935832107504,-3.97294594133153,1
-10.81242453662486,-5.230140921881798,1
-7.190457334425968,-5.522005632883936,1
-8.923239518526639,-5.517919245998114,1
-0.8945263842222463,7.727715256384541,1
-3.3965565625016048,3.6174010595519457,1
-2.190251689306326,4.081324990202951,1
-1.781687635994461,3.843611801598713,1
-0.47358541599577586,1.0534187337463201,1
-4.034126305976476,5.941968720295253,1
-9.876072821678521,-4.648612602607073,1
-8.89911308823074,-6.58064978825816,0
-10.2235702486664,-4.252898481272351,1
-6.628563103735653,-0.9256307035635308,1
-3.4536562621523053,1.8844321170062004,1
-8.595723890760235,-3.8460142926574017,1
-7.227614932974997,-0.9173798211094477,1
6.158574180373772,-0.5308668107034694,1
-1.6896153052031089,4.123627865272656,1
-4.219557056223255,3.7936105484798346,1
-9.852466453643702,-5.3737250118257816,1
-4.039835164871305,3.6674657369385897,1
-9.199514752416722,-3.9177128040032123,1
-3.2861340763648967,6.069670438117227,1
-6.550702742951737,0.7064609183132703,1
-5.638948301081905,2.287926098203036,1
-10.595116152808147,-5.32223074234979,1
-9.182848387000377,-5.839128559688144,0
-10.256037769358645,-5.040861227225279,1
-7.548765641382245,-5.252314575881,1
-4.72079783137678,0.6473832044299921,1
-9.809685008219105,-6.389101606711913,1
-10.305218352027044,-5.239820664745886,1
-7.715630043898599,-4.346725321180747,1
0.6094202108658863,3.1244097850323485,0
-3.3294613296691398,5.257141614138214,1
-4.455117267441451,-0.6810170259494853,1
-4.103514936594352,5.156607471528684,1
-7.127346152561862,0.8467291860842551,1
-0.876018182462228,3.7034243900066035,1
-2.2132452786017778,6.182542582654448,1
-5.656364952399728,0.7352806893489878,1
-4.81277865758174,6.2081297648650455,1
2.1159847345680367,2.401917423055982,0
-5.940170972137914,2.624888536101378,1
-9.555326129686625,-6.1806161068626055,1
-1.7141514356016558,5.302604132417448,1
-1.750177863908365,4.075420937062316,1
-8.298491768071031,-2.4776811263843483,1
-1.4851468887453674,2.6968513517222585,1
3.0472306781683387,0.5670753369835311,1
-4.852169022895997,2.5657270775273133,1
-2.3994957233620346,1.540633297922001,1
-4.840131798321565,3.8963965934594382,1
-2.105002805125815,4.939082613837761,1
-10.008520107072734,-6.481361100447304,1
-2.7256887276506725,3.7812433044743377,1
-3.746472343118169,5.097721738412535,1
-5.988841237098667,1.6276658178373378,1
-2.2254569269079645,2.344796115612082,1
-5.536885694962664,2.828850497340198,1
-8.606936781370061,-3.9287613957169847,1
-1.282644378330734,4.445976403237634,0
-7.865667278949916,-4.095622353341464,1
-8.760007826313867,-4.158289637409211,1
-6.507708889376658,0.8675584020129056,1
-6.043265469045334,-1.0562875199348083,1
-8.67309554170782,-3.2814427346079422,1
-2.2733871140222885,3.420278141095018,1
-4.227981095568051,2.9321901170244966,1
-5.891221657813049,3.005768894559569,1
-7.7149653638069795,-3.8954907124282676,1
0.5711068196426885,4.47404782141965,1
-3.020389347365475,3.8365411499384288,1
-4.462570758864027,1.37600921205196,1
-3.995491391976399,2.1353206036752996,1
-6.994401373411473,-0.22760498535681936,1
-6.949824743197824,-3.0596375839969636,1
-2.4531862197457603,8.063826287444693,1
-4.771486809557458,3.4335040930067318,1
-4.128328752140431,3.5692479372925896,1
-3.1889430188805803,1.0482395653001562,1
-8.377531866059256,-4.598527181128416,1
-4.687423604357761,5.74780434362387,1
-4.259674921597982,4.2176590614574225,1
-9.257620845622084,-4.734576727984812,1
-7.646238266112901,-1.8381858266668023,1
-5.075283685734718,0.040730455903670054,1
-9.419506569570196,-4.828457085610378,1
-5.345086695741972,3.9554848310666633,1
-6.153634075445847,0.5929284878059282,1
-6.999628572123908,0.5356031757071276,1
-5.616405077827269,3.20221946165735,1
-2.2315753810421413,3.1043599649163567,1
-3.8067022579547674,-1.1475035252922066,1
-3.7400636816946995,6.127300158743746,1
-6.1434541018249424,-0.006395579531860031,1
-5.323256926416811,-0.7213052213618976,1
-2.0461447797943886,4.011729156621508,1
-4.482895439167125,3.361868050179057,1
-3.621496249349137,3.8478032492977414,1
-8.938812615106027,-3.8570319273047304,1
-4.6763657801140095,2.749581884004296,1
-3.0638823576772403,5.019720110816121,1
-10.510326161920261,-5.84554254261868,1
-8.122544392172644,-3.2478160792140214,1
-0.49003593964208786,6.003853430573991,1
-5.599420483101916,-1.9943318734767743,1
-7.141011902956767,-1.6671967635271465,1
-7.89669835905578,-1.3440948218819255,1
-8.658248061103652,-3.7895510098419543,1
-1.7150282352640651,4.413610439886466,1
-9.061177371146092,-4.003961826650204,1
-8.610923912565301,-4.363993062064464,1
-5.084457156454323,0.2892768289043221,1
-1.4575832104893702,2.5467241830732448,1
-3.8890694697441672,4.929813635388725,1
-4.465822939938874,0.7149264553108172,1
-5.793865150850569,2.0172640334957515,1
-8.089751070697087,-3.203571033983796,1
-1.0932681477579431,7.521762723277455,1
-4.030883029318543,0.5405482704152664,1
-7.14276322607952,-1.7751552214759296,1
-4.69089211163657,1.1941788977428345,1
-5.255902909224932,0.6475166232130247,1
-8.741294909275066,-6.387887794990709,1
-1.8173891867527292,0.02834507723550878,0
-8.833275898664128,-6.567854628847818,1
-4.537411248911004,5.173483851779395,1
-10.296439867824231,-4.3256710546432915,1
-3.3609295617377084,5.69274714565403,1
-4.087251675585004,5.817581430143967,1
-4.088022447352942,4.696007440246401,1
-8.40062509390301,-2.80171644640458,1
-9.98162332337308,-5.567009354803407,1
-4.742687326122203,4.245405953895405,1
-4.034114724567657,3.846789461685481,1
-7.886119092999261,-2.2497753489630288,1
-8.721173132883928,-4.179588832487232,1
-3.7655475399327494,2.9658489091583116,1
-6.881840636932714,-1.3624291470811773,1
-9.326124428292658,-3.9971040085126877,1
-7.236474805082407,-3.997726830341393,1
-4.849509295019404,-0.20397908421481756,1
-5.035128899304264,2.050357430197103,1
1.1149672287032608,2.99336219163645,1
-6.815128543706431,-3.094285208721651,1
-4.831254982408771,0.2643430001374881,1
-9.009539612635042,-4.15660793591726,1
-5.434884548018391,-1.4834624933483647,1
-3.2685735641863736,5.924242865514227,1
-7.385123533018854,-1.0690104015558988,1
-6.930717778920464,-0.7899325654568321,1
-1.9435119502381277,5.0993006409190125,1
-5.245085497484591,-1.812673230007706,0
-5.967118155442385,2.1354324041803614,1
-9.932093536511946,-5.1651991444584056,1
-4.300435946809893,3.964333815718988,1
-6.68526631900989,3.3992625993685923,1
-3.968707018025281,3.5909919798718755,1
-7.652550343572322,-2.78282504190091,1
-3.8890979379582595,1.9371972735019087,1
-10.234748516560872,-6.423729491509078,1
-9.02777723935752,-3.147951366620557,1
-4.423546949519586,2.461197716288877,1
1.2149464268541958,-1.6905884949633163,1
-6.485131062401487,0.9733714581217885,1
-3.536618962447514,4.976228323991699,1
-7.506758800645347,-4.01658038955762,0
-4.830286647983056,1.4042811519581584,1
-7.629788470037448,-3.77396610885789,1
-4.770023711620554,-0.20694583077070058,1
-4.009718268036787,2.33424843083635,1
-6.2449648015396075,0.1266316659391519,1
-9.174101064483033,-2.3883322740593416,1
-2.7039982645975713,3.6600128910327023,1
-9.769004891158913,-4.002577988597876,1
-7.59389153734693,-1.6164327247534067,1
-2.7710873283826185,5.1785852980476506,1
-10.463467645767087,-6.133053792718405,1
-9.314970637424615,-2.996960496784538,1
-8.373975253737433,-6.005311369497808,1
-4.082752634287812,0.718069655519644,0
-10.44667840191866,-5.3702713669875015,1
-9.549089304466575,-4.492473900370612,1
-5.296530976855957,-0.5390296809534648,1
-7.812929023379482,-3.535210122000121,1
-1.7680720591810641,-6.869430725982118,0
-4.52272191063554,1.740309194356835,0
-7.891268130869331,-3.303326415262207,1
-7.97129307730079,-3.778922949942223,1
-6.793962265495216,-0.7802650088524187,1
-7.637191574226118,-0.5729538580602177,1
-8.819279551665746,-2.3727998110681767,1
-2.6789167769443956,4.504511606680804,1
-6.240270048575471,2.224052093899753,1
-4.691942609726616,2.7819525722945584,1
-4.249674185707958,2.2282903884520557,1
-2.8075870308517357,3.880032655266925,1
-4.763711811822651,4.877464054910691,1
